time ;tempf 555010000;tempf 555250000;tempf 555500000;htvat 5550001;htvat 5550025;htvat 5550050;httemp 555000101;httemp 555002501;httemp 555005001;cntrlvar 110
0.000000e+00;5.514500e+02;5.514500e+02;5.514500e+02;1.000000e+03;1.000000e+03;1.000000e+03;1.000000e+03;1.000000e+03;1.000000e+03;6.419521e+01
5.001979e-01;5.524979e+02;5.594497e+02;5.587664e+02;9.693643e+02;9.973608e+02;9.411176e+02;1.001740e+03;1.052982e+03;9.999993e+02;8.955581e+01
1.000198e+00;5.524459e+02;5.588049e+02;5.586581e+02;9.416777e+02;1.002012e+03;9.099008e+02;1.003431e+03;1.105522e+03;9.999384e+02;5.050119e+01
1.505273e+00;5.530796e+02;5.588659e+02;5.582228e+02;8.973686e+02;1.017853e+03;8.809728e+02;1.004806e+03;1.157841e+03;9.993716e+02;5.398290e+01
2.002399e+00;5.519536e+02;5.590446e+02;5.586999e+02;8.734092e+02;1.039487e+03;8.643927e+02;1.005325e+03;1.207994e+03;9.975607e+02;4.652234e+01
2.504301e+00;5.519022e+02;5.584780e+02;5.586396e+02;8.654043e+02;1.045270e+03;8.555965e+02;1.004428e+03;1.256756e+03;9.939444e+02;5.277885e+01
3.005165e+00;5.518826e+02;5.587515e+02;5.586699e+02;8.579296e+02;1.061982e+03;8.476509e+02;1.001660e+03;1.303282e+03;9.884247e+02;3.605161e+01
3.501112e+00;5.518665e+02;5.588346e+02;5.586973e+02;8.509093e+02;1.082317e+03;8.397634e+02;9.970790e+02;1.347140e+03;9.813222e+02;3.707391e+01
4.004658e+00;5.518503e+02;5.588386e+02;5.586984e+02;8.440946e+02;1.101908e+03;8.321616e+02;9.909009e+02;1.389370e+03;9.728694e+02;3.825869e+01
4.503007e+00;5.518360e+02;5.588454e+02;5.586977e+02;8.376239e+02;1.120242e+03;8.249241e+02;9.837023e+02;1.428961e+03;9.636889e+02;3.946174e+01
5.002460e+00;5.518229e+02;5.588520e+02;5.586969e+02;8.313839e+02;1.137579e+03;8.179298e+02;9.757885e+02;1.466557e+03;9.540115e+02;4.066909e+01
5.503357e+00;5.518107e+02;5.588585e+02;5.586961e+02;8.253526e+02;1.153950e+03;8.111561e+02;9.674466e+02;1.502293e+03;9.440734e+02;4.186566e+01
6.000617e+00;5.517994e+02;5.588646e+02;5.586952e+02;8.195733e+02;1.169222e+03;8.046547e+02;9.589776e+02;1.535951e+03;9.341581e+02;4.303052e+01
6.501359e+00;5.517886e+02;5.588706e+02;5.586942e+02;8.139496e+02;1.183643e+03;7.983184e+02;9.504095e+02;1.568130e+03;9.242523e+02;4.417295e+01
7.000855e+00;5.517785e+02;5.588760e+02;5.586927e+02;8.085248e+02;1.197109e+03;7.921977e+02;9.419230e+02;1.598611e+03;9.145328e+02;4.527777e+01
7.502968e+00;5.517689e+02;5.588811e+02;5.586912e+02;8.032475e+02;1.209758e+03;7.862363e+02;9.335289e+02;1.627713e+03;9.049773e+02;4.635070e+01
8.002288e+00;5.517596e+02;5.588858e+02;5.586898e+02;7.981659e+02;1.221490e+03;7.804897e+02;9.253642e+02;1.655175e+03;8.957189e+02;4.737762e+01
8.504002e+00;5.517509e+02;5.588904e+02;5.586883e+02;7.932196e+02;1.232466e+03;7.748902e+02;9.173712e+02;1.681339e+03;8.866772e+02;4.836837e+01
9.000831e+00;5.517424e+02;5.588947e+02;5.586868e+02;7.884725e+02;1.242567e+03;7.695106e+02;9.096793e+02;1.705898e+03;8.779868e+02;4.930812e+01
9.502748e+00;5.517344e+02;5.588989e+02;5.586852e+02;7.838234e+02;1.252035e+03;7.642366e+02;9.021402e+02;1.729373e+03;8.694719e+02;5.021450e+01
1.000276e+01;5.517266e+02;5.589030e+02;5.586838e+02;7.793326e+02;1.260769e+03;7.591370e+02;8.948616e+02;1.751460e+03;8.612457e+02;5.107458e+01
1.050597e+01;5.517191e+02;5.589069e+02;5.586823e+02;7.749493e+02;1.268895e+03;7.541545e+02;8.877673e+02;1.772411e+03;8.532240e+02;5.189736e+01
1.100563e+01;5.517119e+02;5.589105e+02;5.586788e+02;7.707274e+02;1.276342e+03;7.493500e+02;8.809462e+02;1.791985e+03;8.455117e+02;5.267232e+01
1.150710e+01;5.517050e+02;5.589139e+02;5.586722e+02;7.666160e+02;1.283227e+03;7.446656e+02;8.743173e+02;1.810420e+03;8.380182e+02;5.340824e+01
1.200375e+01;5.516984e+02;5.589169e+02;5.586655e+02;7.626640e+02;1.289500e+03;7.401578e+02;8.679580e+02;1.827541e+03;8.308325e+02;5.409632e+01
1.250724e+01;5.516920e+02;5.589197e+02;5.586589e+02;7.587750e+02;1.295340e+03;7.357169e+02;8.617107e+02;1.843772e+03;8.237784e+02;5.475362e+01
1.300511e+01;5.516858e+02;5.589224e+02;5.586532e+02;7.550417e+02;1.300635e+03;7.314491e+02;8.557280e+02;1.858764e+03;8.170225e+02;5.536497e+01
1.350310e+01;5.516798e+02;5.589248e+02;5.586486e+02;7.514152e+02;1.305489e+03;7.272987e+02;8.499327e+02;1.872767e+03;8.104745e+02;5.593939e+01
1.400704e+01;5.516740e+02;5.589270e+02;5.586449e+02;7.478516e+02;1.309981e+03;7.232153e+02;8.442542e+02;1.885983e+03;8.040527e+02;5.648424e+01
1.450459e+01;5.516685e+02;5.589291e+02;5.586420e+02;7.444341e+02;1.314034e+03;7.192950e+02;8.388246e+02;1.898142e+03;7.979055e+02;5.698768e+01
1.500772e+01;5.516630e+02;5.589310e+02;5.586397e+02;7.410772e+02;1.317772e+03;7.154391e+02;8.335063e+02;1.909587e+03;7.918759e+02;5.746361e+01
1.550421e+01;5.516579e+02;5.589328e+02;5.586379e+02;7.378588e+02;1.321135e+03;7.117377e+02;8.284215e+02;1.920085e+03;7.861015e+02;5.790192e+01
1.600608e+01;5.516528e+02;5.589344e+02;5.586364e+02;7.346973e+02;1.324231e+03;7.080970e+02;8.234401e+02;1.929939e+03;7.804323e+02;5.831501e+01
1.650722e+01;5.516480e+02;5.589359e+02;5.586352e+02;7.316293e+02;1.327044e+03;7.045597e+02;8.186187e+02;1.939063e+03;7.749344e+02;5.869899e+01
1.700759e+01;5.516433e+02;5.589373e+02;5.586343e+02;7.286520e+02;1.329598e+03;7.011223e+02;8.139512e+02;1.947502e+03;7.696047e+02;5.905541e+01
1.750720e+01;5.516388e+02;5.589385e+02;5.586338e+02;7.257620e+02;1.331915e+03;6.977815e+02;8.094313e+02;1.955299e+03;7.644373e+02;5.938610e+01
1.800604e+01;5.516344e+02;5.589397e+02;5.586332e+02;7.229565e+02;1.334016e+03;6.945339e+02;8.050530e+02;1.962497e+03;7.594265e+02;5.969263e+01
1.850411e+01;5.516302e+02;5.589408e+02;5.586328e+02;7.202324e+02;1.335922e+03;6.913762e+02;8.008104e+02;1.969132e+03;7.545662e+02;5.997651e+01
1.900743e+01;5.516260e+02;5.589418e+02;5.586324e+02;7.175555e+02;1.337668e+03;6.882690e+02;7.966492e+02;1.975311e+03;7.497949e+02;6.024228e+01
1.950402e+01;5.516221e+02;5.589427e+02;5.586320e+02;7.149867e+02;1.339230e+03;6.852831e+02;7.926627e+02;1.980922e+03;7.452204e+02;6.048503e+01
2.000589e+01;5.516182e+02;5.589435e+02;5.586317e+02;7.124613e+02;1.340661e+03;6.823436e+02;7.887498e+02;1.986135e+03;7.407269e+02;6.071203e+01
2.050707e+01;5.516145e+02;5.589443e+02;5.586313e+02;7.100082e+02;1.341955e+03;6.794839e+02;7.849536e+02;1.990909e+03;7.363649e+02;6.092156e+01
2.100760e+01;5.516108e+02;5.589451e+02;5.586310e+02;7.076246e+02;1.343126e+03;6.767015e+02;7.812688e+02;1.995271e+03;7.321293e+02;6.111483e+01
2.150751e+01;5.516074e+02;5.589457e+02;5.586308e+02;7.053083e+02;1.344184e+03;6.739937e+02;7.776924e+02;1.999261e+03;7.280153e+02;6.129300e+01
2.200684e+01;5.516040e+02;5.589463e+02;5.586306e+02;7.030569e+02;1.345140e+03;6.713596e+02;7.742216e+02;2.002912e+03;7.240179e+02;6.145704e+01
2.250563e+01;5.516007e+02;5.589469e+02;5.586304e+02;7.008681e+02;1.346005e+03;6.687957e+02;7.708527e+02;2.006250e+03;7.201332e+02;6.160828e+01
2.300389e+01;5.515975e+02;5.589474e+02;5.586301e+02;6.987397e+02;1.346787e+03;6.662991e+02;7.675821e+02;2.009301e+03;7.163572e+02;6.174755e+01
2.350761e+01;5.515944e+02;5.589479e+02;5.586299e+02;6.966456e+02;1.347501e+03;6.638393e+02;7.643691e+02;2.012119e+03;7.126435e+02;6.187724e+01
2.400494e+01;5.515914e+02;5.589483e+02;5.586298e+02;6.946328e+02;1.348139e+03;6.614719e+02;7.612859e+02;2.014659e+03;7.090768e+02;6.199512e+01
2.450777e+01;5.515885e+02;5.589487e+02;5.586296e+02;6.926516e+02;1.348722e+03;6.591384e+02;7.582557e+02;2.017004e+03;7.055697e+02;6.210483e+01
2.500429e+01;5.515857e+02;5.589490e+02;5.586295e+02;6.907468e+02;1.349243e+03;6.568919e+02;7.553465e+02;2.019116e+03;7.022034e+02;6.220450e+01
2.550635e+01;5.515829e+02;5.589493e+02;5.586294e+02;6.888714e+02;1.349719e+03;6.546769e+02;7.524861e+02;2.021063e+03;6.988984e+02;6.229721e+01
2.600807e+01;5.515803e+02;5.589496e+02;5.586293e+02;6.870466e+02;1.350148e+03;6.525187e+02;7.497068e+02;2.022834e+03;6.956923e+02;6.238234e+01
2.650357e+01;5.515777e+02;5.589500e+02;5.586292e+02;6.852913e+02;1.350532e+03;6.504398e+02;7.470369e+02;2.024428e+03;6.926113e+02;6.245964e+01
2.700468e+01;5.515752e+02;5.589502e+02;5.586290e+02;6.835623e+02;1.350883e+03;6.483890e+02;7.444103e+02;2.025896e+03;6.895767e+02;6.253146e+01
2.750551e+01;5.515728e+02;5.589504e+02;5.586290e+02;6.818793e+02;1.351199e+03;6.463894e+02;7.418566e+02;2.027229e+03;6.866218e+02;6.259734e+01
2.800610e+01;5.515704e+02;5.589506e+02;5.586288e+02;6.802407e+02;1.351485e+03;6.444395e+02;7.393735e+02;2.028441e+03;6.837433e+02;6.265777e+01
2.850645e+01;5.515681e+02;5.589508e+02;5.586288e+02;6.786454e+02;1.351744e+03;6.425377e+02;7.369585e+02;2.029542e+03;6.809383e+02;6.271317e+01
2.900659e+01;5.515659e+02;5.589510e+02;5.586287e+02;6.770919e+02;1.351977e+03;6.406823e+02;7.346094e+02;2.030541e+03;6.782041e+02;6.276395e+01
2.950653e+01;5.515637e+02;5.589512e+02;5.586287e+02;6.755789e+02;1.352188e+03;6.388718e+02;7.323240e+02;2.031448e+03;6.755381e+02;6.281046e+01
3.000629e+01;5.515616e+02;5.589513e+02;5.586286e+02;6.741053e+02;1.352378e+03;6.371049e+02;7.301005e+02;2.032272e+03;6.729376e+02;6.285306e+01
3.050588e+01;5.515596e+02;5.589515e+02;5.586285e+02;6.726699e+02;1.352550e+03;6.353802e+02;7.279366e+02;2.033019e+03;6.703996e+02;6.289205e+01
3.100532e+01;5.515576e+02;5.589516e+02;5.586285e+02;6.712715e+02;1.352705e+03;6.336966e+02;7.258307e+02;2.033696e+03;6.679226e+02;6.292768e+01
3.150462e+01;5.515557e+02;5.589517e+02;5.586284e+02;6.699091e+02;1.352845e+03;6.320529e+02;7.237808e+02;2.034310e+03;6.655050e+02;6.296029e+01
3.200379e+01;5.515538e+02;5.589518e+02;5.586284e+02;6.685816e+02;1.352972e+03;6.304478e+02;7.217854e+02;2.034867e+03;6.631453e+02;6.299009e+01
3.250284e+01;5.515519e+02;5.589518e+02;5.586284e+02;6.672883e+02;1.353086e+03;6.288805e+02;7.198431e+02;2.035371e+03;6.608420e+02;6.301728e+01
3.300766e+01;5.515501e+02;5.589520e+02;5.586283e+02;6.660135e+02;1.353191e+03;6.273321e+02;7.179306e+02;2.035833e+03;6.585673e+02;6.304237e+01
3.350650e+01;5.515484e+02;5.589520e+02;5.586283e+02;6.647859e+02;1.353284e+03;6.258376e+02;7.160907e+02;2.036247e+03;6.563726e+02;6.306496e+01
3.400525e+01;5.515468e+02;5.589521e+02;5.586282e+02;6.635896e+02;1.353368e+03;6.243778e+02;7.142993e+02;2.036622e+03;6.542299e+02;6.308554e+01
3.450392e+01;5.515451e+02;5.589521e+02;5.586282e+02;6.624237e+02;1.353444e+03;6.229518e+02;7.125554e+02;2.036961e+03;6.521376e+02;6.310426e+01
3.500838e+01;5.515435e+02;5.589522e+02;5.586282e+02;6.612742e+02;1.353514e+03;6.215426e+02;7.108384e+02;2.037272e+03;6.500706e+02;6.312147e+01
3.550691e+01;5.515419e+02;5.589523e+02;5.586282e+02;6.601670e+02;1.353576e+03;6.201820e+02;7.091868e+02;2.037550e+03;6.480757e+02;6.313690e+01
3.600537e+01;5.515404e+02;5.589523e+02;5.586282e+02;6.590878e+02;1.353632e+03;6.188527e+02;7.075788e+02;2.037801e+03;6.461273e+02;6.315088e+01
3.650378e+01;5.515389e+02;5.589523e+02;5.586281e+02;6.580358e+02;1.353682e+03;6.175537e+02;7.060140e+02;2.038029e+03;6.442242e+02;6.316354e+01
3.700800e+01;5.515375e+02;5.589524e+02;5.586281e+02;6.569985e+02;1.353729e+03;6.162697e+02;7.044734e+02;2.038238e+03;6.423436e+02;6.317511e+01
3.750631e+01;5.515361e+02;5.589524e+02;5.586281e+02;6.559990e+02;1.353770e+03;6.150295e+02;7.029916e+02;2.038424e+03;6.405280e+02;6.318541e+01
3.800458e+01;5.515348e+02;5.589524e+02;5.586281e+02;6.550247e+02;1.353807e+03;6.138176e+02;7.015499e+02;2.038591e+03;6.387542e+02;6.319469e+01
3.850281e+01;5.515334e+02;5.589525e+02;5.586281e+02;6.540747e+02;1.353841e+03;6.126332e+02;7.001474e+02;2.038743e+03;6.370212e+02;6.320302e+01
3.900686e+01;5.515322e+02;5.589525e+02;5.586281e+02;6.531378e+02;1.353872e+03;6.114620e+02;6.987673e+02;2.038881e+03;6.353082e+02;6.321056e+01
3.950503e+01;5.515309e+02;5.589525e+02;5.586281e+02;6.522349e+02;1.353900e+03;6.103306e+02;6.974389e+02;2.039004e+03;6.336539e+02;6.321722e+01
4.000316e+01;5.515297e+02;5.589525e+02;5.586281e+02;6.513544e+02;1.353925e+03;6.092247e+02;6.961444e+02;2.039116e+03;6.320374e+02;6.322314e+01
4.050714e+01;5.515285e+02;5.589525e+02;5.586281e+02;6.504859e+02;1.353947e+03;6.081311e+02;6.948679e+02;2.039218e+03;6.304392e+02;6.322844e+01
4.100523e+01;5.515273e+02;5.589525e+02;5.586280e+02;6.496489e+02;1.353968e+03;6.070745e+02;6.936382e+02;2.039309e+03;6.288956e+02;6.323307e+01
4.150330e+01;5.515262e+02;5.589525e+02;5.586280e+02;6.488326e+02;1.353986e+03;6.060415e+02;6.924393e+02;2.039391e+03;6.273870e+02;6.323713e+01
4.200721e+01;5.515251e+02;5.589525e+02;5.586280e+02;6.480271e+02;1.354003e+03;6.050198e+02;6.912567e+02;2.039467e+03;6.258951e+02;6.324070e+01
4.250526e+01;5.515241e+02;5.589525e+02;5.586280e+02;6.472507e+02;1.354018e+03;6.040325e+02;6.901171e+02;2.039534e+03;6.244541e+02;6.324377e+01
4.300328e+01;5.515231e+02;5.589525e+02;5.586280e+02;6.464933e+02;1.354031e+03;6.030672e+02;6.890057e+02;2.039595e+03;6.230453e+02;6.324641e+01
4.350716e+01;5.515220e+02;5.589525e+02;5.586280e+02;6.457460e+02;1.354044e+03;6.021121e+02;6.879093e+02;2.039650e+03;6.216517e+02;6.324867e+01
4.400517e+01;5.515211e+02;5.589525e+02;5.586280e+02;6.450255e+02;1.354055e+03;6.011891e+02;6.868525e+02;2.039700e+03;6.203046e+02;6.325054e+01
4.450317e+01;5.515201e+02;5.589525e+02;5.586280e+02;6.443227e+02;1.354065e+03;6.002863e+02;6.858217e+02;2.039745e+03;6.189863e+02;6.325208e+01
4.500702e+01;5.515192e+02;5.589525e+02;5.586280e+02;6.436290e+02;1.354074e+03;5.993928e+02;6.848045e+02;2.039786e+03;6.176804e+02;6.325333e+01
4.550500e+01;5.515183e+02;5.589525e+02;5.586280e+02;6.429601e+02;1.354082e+03;5.985292e+02;6.838240e+02;2.039822e+03;6.164150e+02;6.325429e+01
4.600299e+01;5.515174e+02;5.589525e+02;5.586280e+02;6.423075e+02;1.354090e+03;5.976843e+02;6.828674e+02;2.039855e+03;6.151728e+02;6.325500e+01
4.650682e+01;5.515165e+02;5.589525e+02;5.586280e+02;6.416633e+02;1.354096e+03;5.968482e+02;6.819234e+02;2.039886e+03;6.139421e+02;6.325547e+01
4.700480e+01;5.515157e+02;5.589525e+02;5.586279e+02;6.410421e+02;1.354102e+03;5.960398e+02;6.810132e+02;2.039913e+03;6.127520e+02;6.325573e+01
4.750278e+01;5.515149e+02;5.589525e+02;5.586279e+02;6.404360e+02;1.354108e+03;5.952489e+02;6.801252e+02;2.039937e+03;6.115878e+02;6.325580e+01
4.800661e+01;5.515141e+02;5.589525e+02;5.586279e+02;6.398376e+02;1.354113e+03;5.944661e+02;6.792487e+02;2.039960e+03;6.104362e+02;6.325569e+01
4.850459e+01;5.515133e+02;5.589525e+02;5.586279e+02;6.392605e+02;1.354117e+03;5.937093e+02;6.784035e+02;2.039980e+03;6.093233e+02;6.325542e+01
4.900842e+01;5.515126e+02;5.589525e+02;5.586279e+02;6.386907e+02;1.354121e+03;5.929601e+02;6.775692e+02;2.039998e+03;6.082225e+02;6.325501e+01
4.950640e+01;5.515118e+02;5.589525e+02;5.586279e+02;6.381413e+02;1.354125e+03;5.922357e+02;6.767646e+02;2.040014e+03;6.071589e+02;6.325447e+01
5.000438e+01;5.515111e+02;5.589525e+02;5.586279e+02;6.376050e+02;1.354128e+03;5.915269e+02;6.759795e+02;2.040029e+03;6.061190e+02;6.325381e+01
5.050822e+01;5.515104e+02;5.589525e+02;5.586279e+02;6.370755e+02;1.354131e+03;5.908253e+02;6.752044e+02;2.040042e+03;6.050903e+02;6.325304e+01
5.100620e+01;5.515098e+02;5.589525e+02;5.586279e+02;6.365648e+02;1.354134e+03;5.901469e+02;6.744568e+02;2.040054e+03;6.040963e+02;6.325218e+01
5.150419e+01;5.515091e+02;5.589525e+02;5.586279e+02;6.360662e+02;1.354136e+03;5.894830e+02;6.737272e+02;2.040065e+03;6.031243e+02;6.325124e+01
5.200804e+01;5.515084e+02;5.589525e+02;5.586279e+02;6.355740e+02;1.354139e+03;5.888259e+02;6.730068e+02;2.040075e+03;6.021628e+02;6.325022e+01
5.250603e+01;5.515078e+02;5.589525e+02;5.586279e+02;6.350992e+02;1.354141e+03;5.881904e+02;6.723119e+02;2.040084e+03;6.012336e+02;6.324914e+01
5.300403e+01;5.515072e+02;5.589525e+02;5.586279e+02;6.346357e+02;1.354143e+03;5.875685e+02;6.716336e+02;2.040092e+03;6.003249e+02;6.324800e+01
5.350789e+01;5.515066e+02;5.589525e+02;5.586279e+02;6.341780e+02;1.354144e+03;5.869529e+02;6.709639e+02;2.040100e+03;5.994259e+02;6.324679e+01
5.400590e+01;5.515060e+02;5.589525e+02;5.586279e+02;6.337365e+02;1.354146e+03;5.863575e+02;6.703179e+02;2.040106e+03;5.985571e+02;6.324556e+01
5.450391e+01;5.515054e+02;5.589524e+02;5.586279e+02;6.333055e+02;1.354147e+03;5.857749e+02;6.696874e+02;2.040112e+03;5.977073e+02;6.324429e+01
5.500779e+01;5.515049e+02;5.589524e+02;5.586279e+02;6.328798e+02;1.354148e+03;5.851981e+02;6.690647e+02;2.040118e+03;5.968665e+02;6.324296e+01
5.550581e+01;5.515043e+02;5.589524e+02;5.586279e+02;6.324692e+02;1.354149e+03;5.846403e+02;6.684641e+02;2.040122e+03;5.960539e+02;6.324163e+01
5.600384e+01;5.515038e+02;5.589524e+02;5.586279e+02;6.320683e+02;1.354150e+03;5.840944e+02;6.678778e+02;2.040127e+03;5.952590e+02;6.324026e+01
5.650773e+01;5.515033e+02;5.589524e+02;5.586279e+02;6.316724e+02;1.354151e+03;5.835539e+02;6.672989e+02;2.040131e+03;5.944725e+02;6.323887e+01
5.700577e+01;5.515028e+02;5.589524e+02;5.586279e+02;6.312905e+02;1.354152e+03;5.830311e+02;6.667404e+02;2.040134e+03;5.937122e+02;6.323748e+01
5.750381e+01;5.515023e+02;5.589524e+02;5.586279e+02;6.309176e+02;1.354153e+03;5.825195e+02;6.661952e+02;2.040138e+03;5.929684e+02;6.323607e+01
5.800772e+01;5.515018e+02;5.589523e+02;5.586279e+02;6.305493e+02;1.354153e+03;5.820130e+02;6.656568e+02;2.040141e+03;5.922324e+02;6.323464e+01
5.850578e+01;5.515013e+02;5.589523e+02;5.586279e+02;6.301940e+02;1.354154e+03;5.815231e+02;6.651373e+02;2.040143e+03;5.915209e+02;6.323322e+01
5.900384e+01;5.515009e+02;5.589523e+02;5.586279e+02;6.298471e+02;1.354155e+03;5.810436e+02;6.646303e+02;2.040146e+03;5.908249e+02;6.323180e+01
5.950776e+01;5.515005e+02;5.589523e+02;5.586279e+02;6.295045e+02;1.354155e+03;5.805689e+02;6.641295e+02;2.040148e+03;5.901360e+02;6.323036e+01
6.000584e+01;5.515000e+02;5.589523e+02;5.586279e+02;6.291739e+02;1.354156e+03;5.801097e+02;6.636464e+02;2.040150e+03;5.894701e+02;6.322894e+01
6.050391e+01;5.514996e+02;5.589523e+02;5.586279e+02;6.288511e+02;1.354156e+03;5.796602e+02;6.631747e+02;2.040151e+03;5.888185e+02;6.322752e+01
6.100785e+01;5.514992e+02;5.589523e+02;5.586279e+02;6.285323e+02;1.354156e+03;5.792152e+02;6.627089e+02;2.040153e+03;5.881736e+02;6.322610e+01
6.150594e+01;5.514988e+02;5.589523e+02;5.586279e+02;6.282247e+02;1.354157e+03;5.787848e+02;6.622594e+02;2.040155e+03;5.875501e+02;6.322469e+01
6.200404e+01;5.514984e+02;5.589523e+02;5.586279e+02;6.279244e+02;1.354157e+03;5.783635e+02;6.618206e+02;2.040156e+03;5.869401e+02;6.322330e+01
6.250799e+01;5.514980e+02;5.589523e+02;5.586279e+02;6.276277e+02;1.354157e+03;5.779462e+02;6.613872e+02;2.040157e+03;5.863362e+02;6.322190e+01
6.300610e+01;5.514976e+02;5.589523e+02;5.586279e+02;6.273415e+02;1.354157e+03;5.775427e+02;6.609691e+02;2.040158e+03;5.857524e+02;6.322052e+01
6.350421e+01;5.514973e+02;5.589523e+02;5.586279e+02;6.270620e+02;1.354158e+03;5.771476e+02;6.605607e+02;2.040159e+03;5.851811e+02;6.321917e+01
6.400818e+01;5.514969e+02;5.589523e+02;5.586279e+02;6.267859e+02;1.354158e+03;5.767565e+02;6.601575e+02;2.040160e+03;5.846156e+02;6.321780e+01
6.450630e+01;5.514966e+02;5.589523e+02;5.586279e+02;6.265195e+02;1.354158e+03;5.763781e+02;6.597684e+02;2.040161e+03;5.840688e+02;6.321647e+01
6.500443e+01;5.514963e+02;5.589523e+02;5.586279e+02;6.262593e+02;1.354158e+03;5.760078e+02;6.593885e+02;2.040161e+03;5.835337e+02;6.321515e+01
6.550842e+01;5.514959e+02;5.589523e+02;5.586279e+02;6.260024e+02;1.354158e+03;5.756410e+02;6.590132e+02;2.040162e+03;5.830040e+02;6.321384e+01
6.600655e+01;5.514956e+02;5.589523e+02;5.586279e+02;6.257544e+02;1.354159e+03;5.752862e+02;6.586511e+02;2.040163e+03;5.824917e+02;6.321255e+01
6.650469e+01;5.514953e+02;5.589522e+02;5.586279e+02;6.255123e+02;1.354159e+03;5.749388e+02;6.582976e+02;2.040163e+03;5.819905e+02;6.321128e+01
6.700284e+01;5.514950e+02;5.589522e+02;5.586279e+02;6.252758e+02;1.354159e+03;5.745989e+02;6.579524e+02;2.040164e+03;5.814999e+02;6.321003e+01
6.750685e+01;5.514947e+02;5.589522e+02;5.586279e+02;6.250422e+02;1.354159e+03;5.742622e+02;6.576114e+02;2.040164e+03;5.810143e+02;6.320879e+01
6.800500e+01;5.514944e+02;5.589522e+02;5.586279e+02;6.248168e+02;1.354159e+03;5.739365e+02;6.572823e+02;2.040165e+03;5.805446e+02;6.320757e+01
6.850317e+01;5.514941e+02;5.589522e+02;5.586279e+02;6.245967e+02;1.354159e+03;5.736176e+02;6.569610e+02;2.040165e+03;5.800850e+02;6.320638e+01
6.900719e+01;5.514938e+02;5.589522e+02;5.586279e+02;6.243793e+02;1.354159e+03;5.733019e+02;6.566436e+02;2.040165e+03;5.796299e+02;6.320518e+01
6.950536e+01;5.514935e+02;5.589522e+02;5.586279e+02;6.241695e+02;1.354159e+03;5.729963e+02;6.563373e+02;2.040166e+03;5.791898e+02;6.320402e+01
7.000353e+01;5.514933e+02;5.589522e+02;5.586279e+02;6.239646e+02;1.354159e+03;5.726973e+02;6.560383e+02;2.040166e+03;5.787591e+02;6.320288e+01
7.050758e+01;5.514930e+02;5.589522e+02;5.586279e+02;6.237621e+02;1.354159e+03;5.724011e+02;6.557429e+02;2.040166e+03;5.783326e+02;6.320175e+01
7.100575e+01;5.514928e+02;5.589522e+02;5.586279e+02;6.235668e+02;1.354160e+03;5.721146e+02;6.554577e+02;2.040166e+03;5.779202e+02;6.320065e+01
7.150394e+01;5.514926e+02;5.589521e+02;5.586279e+02;6.233760e+02;1.354160e+03;5.718341e+02;6.551793e+02;2.040167e+03;5.775164e+02;6.319956e+01
7.200800e+01;5.514923e+02;5.589521e+02;5.586279e+02;6.231876e+02;1.354160e+03;5.715563e+02;6.549043e+02;2.040167e+03;5.771167e+02;6.319848e+01
7.250619e+01;5.514921e+02;5.589521e+02;5.586279e+02;6.230057e+02;1.354160e+03;5.712875e+02;6.546389e+02;2.040167e+03;5.767301e+02;6.319744e+01
7.300439e+01;5.514918e+02;5.589521e+02;5.586279e+02;6.228281e+02;1.354160e+03;5.710244e+02;6.543797e+02;2.040167e+03;5.763517e+02;6.319641e+01
7.350845e+01;5.514916e+02;5.589521e+02;5.586279e+02;6.226526e+02;1.354160e+03;5.707637e+02;6.541237e+02;2.040167e+03;5.759770e+02;6.319539e+01
7.400666e+01;5.514914e+02;5.589521e+02;5.586279e+02;6.224833e+02;1.354160e+03;5.705116e+02;6.538766e+02;2.040167e+03;5.756145e+02;6.319440e+01
7.450488e+01;5.514911e+02;5.589521e+02;5.586279e+02;6.223179e+02;1.354160e+03;5.702648e+02;6.536353e+02;2.040167e+03;5.752598e+02;6.319343e+01
7.500309e+01;5.514910e+02;5.589521e+02;5.586280e+02;6.221564e+02;1.354160e+03;5.700231e+02;6.533996e+02;2.040168e+03;5.749125e+02;6.319247e+01
7.550717e+01;5.514908e+02;5.589521e+02;5.586280e+02;6.219968e+02;1.354160e+03;5.697837e+02;6.531668e+02;2.040168e+03;5.745687e+02;6.319153e+01
7.600539e+01;5.514906e+02;5.589521e+02;5.586280e+02;6.218428e+02;1.354160e+03;5.695521e+02;6.529421e+02;2.040168e+03;5.742360e+02;6.319061e+01
7.650362e+01;5.514904e+02;5.589521e+02;5.586280e+02;6.216924e+02;1.354160e+03;5.693253e+02;6.527227e+02;2.040168e+03;5.739105e+02;6.318971e+01
7.700771e+01;5.514902e+02;5.589521e+02;5.586280e+02;6.215438e+02;1.354160e+03;5.691008e+02;6.525060e+02;2.040168e+03;5.735880e+02;6.318882e+01
7.750594e+01;5.514900e+02;5.589521e+02;5.586280e+02;6.214004e+02;1.354160e+03;5.688834e+02;6.522968e+02;2.040168e+03;5.732761e+02;6.318795e+01
7.800418e+01;5.514898e+02;5.589521e+02;5.586280e+02;6.212603e+02;1.354160e+03;5.686707e+02;6.520925e+02;2.040168e+03;5.729708e+02;6.318711e+01
7.850828e+01;5.514896e+02;5.589521e+02;5.586280e+02;6.211219e+02;1.354160e+03;5.684600e+02;6.518906e+02;2.040168e+03;5.726685e+02;6.318626e+01
7.900652e+01;5.514895e+02;5.589521e+02;5.586280e+02;6.209883e+02;1.354160e+03;5.682560e+02;6.516959e+02;2.040168e+03;5.723760e+02;6.318545e+01
7.950477e+01;5.514893e+02;5.589521e+02;5.586280e+02;6.208579e+02;1.354160e+03;5.680565e+02;6.515056e+02;2.040168e+03;5.720897e+02;6.318465e+01
8.000301e+01;5.514891e+02;5.589521e+02;5.586280e+02;6.207305e+02;1.354160e+03;5.678610e+02;6.513198e+02;2.040168e+03;5.718094e+02;6.318387e+01
8.050713e+01;5.514890e+02;5.589521e+02;5.586280e+02;6.206047e+02;1.354160e+03;5.676674e+02;6.511362e+02;2.040168e+03;5.715318e+02;6.318310e+01
8.100539e+01;5.514888e+02;5.589521e+02;5.586280e+02;6.204832e+02;1.354160e+03;5.674800e+02;6.509590e+02;2.040168e+03;5.712632e+02;6.318235e+01
8.150365e+01;5.514887e+02;5.589521e+02;5.586280e+02;6.203645e+02;1.354160e+03;5.672966e+02;6.507861e+02;2.040168e+03;5.710004e+02;6.318161e+01
8.200777e+01;5.514885e+02;5.589521e+02;5.586280e+02;6.202473e+02;1.354160e+03;5.671149e+02;6.506151e+02;2.040168e+03;5.707400e+02;6.318089e+01
8.250603e+01;5.514884e+02;5.589521e+02;5.586280e+02;6.201342e+02;1.354160e+03;5.669391e+02;6.504501e+02;2.040168e+03;5.704881e+02;6.318018e+01
8.300430e+01;5.514883e+02;5.589521e+02;5.586280e+02;6.200236e+02;1.354160e+03;5.667670e+02;6.502890e+02;2.040168e+03;5.702415e+02;6.317949e+01
8.350843e+01;5.514881e+02;5.589521e+02;5.586280e+02;6.199145e+02;1.354160e+03;5.665965e+02;6.501298e+02;2.040169e+03;5.699973e+02;6.317881e+01
8.400670e+01;5.514880e+02;5.589521e+02;5.586280e+02;6.198091e+02;1.354160e+03;5.664315e+02;6.499761e+02;2.040169e+03;5.697610e+02;6.317815e+01
8.450497e+01;5.514879e+02;5.589521e+02;5.586280e+02;6.197062e+02;1.354160e+03;5.662700e+02;6.498260e+02;2.040169e+03;5.695297e+02;6.317750e+01
8.500325e+01;5.514877e+02;5.589521e+02;5.586280e+02;6.196057e+02;1.354160e+03;5.661118e+02;6.496794e+02;2.040169e+03;5.693032e+02;6.317687e+01
8.550739e+01;5.514876e+02;5.589521e+02;5.586280e+02;6.195063e+02;1.354160e+03;5.659551e+02;6.495347e+02;2.040169e+03;5.690789e+02;6.317624e+01
8.600568e+01;5.514875e+02;5.589521e+02;5.586280e+02;6.194105e+02;1.354160e+03;5.658034e+02;6.493949e+02;2.040169e+03;5.688619e+02;6.317564e+01
8.650396e+01;5.514874e+02;5.589521e+02;5.586280e+02;6.193168e+02;1.354160e+03;5.656550e+02;6.492584e+02;2.040169e+03;5.686494e+02;6.317505e+01
8.700811e+01;5.514872e+02;5.589521e+02;5.586280e+02;6.192243e+02;1.354160e+03;5.655079e+02;6.491235e+02;2.040169e+03;5.684390e+02;6.317446e+01
8.750640e+01;5.514871e+02;5.589520e+02;5.586280e+02;6.191350e+02;1.354160e+03;5.653656e+02;6.489933e+02;2.040169e+03;5.682354e+02;6.317389e+01
8.800469e+01;5.514870e+02;5.589520e+02;5.586280e+02;6.190478e+02;1.354160e+03;5.652262e+02;6.488661e+02;2.040169e+03;5.680360e+02;6.317333e+01
8.850298e+01;5.514869e+02;5.589520e+02;5.586280e+02;6.189626e+02;1.354160e+03;5.650898e+02;6.487419e+02;2.040169e+03;5.678408e+02;6.317279e+01
8.900714e+01;5.514868e+02;5.589520e+02;5.586280e+02;6.188784e+02;1.354160e+03;5.649546e+02;6.486193e+02;2.040169e+03;5.676475e+02;6.317225e+01
8.950544e+01;5.514867e+02;5.589520e+02;5.586280e+02;6.187972e+02;1.354160e+03;5.648238e+02;6.485008e+02;2.040169e+03;5.674604e+02;6.317173e+01
9.000374e+01;5.514866e+02;5.589520e+02;5.586280e+02;6.187178e+02;1.354160e+03;5.646957e+02;6.483851e+02;2.040169e+03;5.672773e+02;6.317122e+01
9.050790e+01;5.514865e+02;5.589520e+02;5.586280e+02;6.186394e+02;1.354160e+03;5.645688e+02;6.482708e+02;2.040169e+03;5.670959e+02;6.317072e+01
9.100620e+01;5.514864e+02;5.589520e+02;5.586280e+02;6.185637e+02;1.354160e+03;5.644460e+02;6.481605e+02;2.040169e+03;5.669204e+02;6.317023e+01
9.150451e+01;5.514863e+02;5.589520e+02;5.586280e+02;6.184898e+02;1.354160e+03;5.643258e+02;6.480527e+02;2.040169e+03;5.667485e+02;6.316975e+01
9.200282e+01;5.514862e+02;5.589520e+02;5.586280e+02;6.184176e+02;1.354160e+03;5.642081e+02;6.479475e+02;2.040169e+03;5.665803e+02;6.316929e+01
9.250699e+01;5.514861e+02;5.589520e+02;5.586280e+02;6.183463e+02;1.354160e+03;5.640914e+02;6.478435e+02;2.040169e+03;5.664136e+02;6.316883e+01
9.300530e+01;5.514860e+02;5.589520e+02;5.586280e+02;6.182774e+02;1.354160e+03;5.639786e+02;6.477432e+02;2.040169e+03;5.662523e+02;6.316838e+01
9.350362e+01;5.514860e+02;5.589520e+02;5.586280e+02;6.182101e+02;1.354160e+03;5.638680e+02;6.476451e+02;2.040169e+03;5.660944e+02;6.316795e+01
9.400779e+01;5.514858e+02;5.589520e+02;5.586280e+02;6.181437e+02;1.354160e+03;5.637585e+02;6.475483e+02;2.040169e+03;5.659380e+02;6.316751e+01
9.450610e+01;5.514858e+02;5.589520e+02;5.586280e+02;6.180795e+02;1.354160e+03;5.636526e+02;6.474548e+02;2.040169e+03;5.657867e+02;6.316710e+01
9.500443e+01;5.514857e+02;5.589520e+02;5.586280e+02;6.180168e+02;1.354160e+03;5.635488e+02;6.473634e+02;2.040169e+03;5.656385e+02;6.316669e+01
9.550861e+01;5.514856e+02;5.589520e+02;5.586280e+02;6.179550e+02;1.354160e+03;5.634460e+02;6.472732e+02;2.040169e+03;5.654917e+02;6.316629e+01
9.600693e+01;5.514855e+02;5.589520e+02;5.586280e+02;6.178951e+02;1.354160e+03;5.633466e+02;6.471861e+02;2.040169e+03;5.653496e+02;6.316590e+01
9.650525e+01;5.514855e+02;5.589520e+02;5.586280e+02;6.178368e+02;1.354160e+03;5.632491e+02;6.471010e+02;2.040169e+03;5.652105e+02;6.316552e+01
9.700357e+01;5.514854e+02;5.589520e+02;5.586280e+02;6.177798e+02;1.354160e+03;5.631537e+02;6.470179e+02;2.040169e+03;5.650743e+02;6.316515e+01
9.750776e+01;5.514854e+02;5.589520e+02;5.586280e+02;6.177234e+02;1.354160e+03;5.630593e+02;6.469358e+02;2.040169e+03;5.649395e+02;6.316478e+01
9.800609e+01;5.514853e+02;5.589520e+02;5.586280e+02;6.176691e+02;1.354160e+03;5.629678e+02;6.468566e+02;2.040169e+03;5.648089e+02;6.316442e+01
9.850442e+01;5.514852e+02;5.589520e+02;5.586280e+02;6.176160e+02;1.354160e+03;5.628782e+02;6.467792e+02;2.040169e+03;5.646810e+02;6.316407e+01
9.900861e+01;5.514851e+02;5.589520e+02;5.586280e+02;6.175635e+02;1.354160e+03;5.627895e+02;6.467026e+02;2.040169e+03;5.645544e+02;6.316373e+01
9.950694e+01;5.514850e+02;5.589520e+02;5.586280e+02;6.175128e+02;1.354160e+03;5.627036e+02;6.466288e+02;2.040169e+03;5.644319e+02;6.316339e+01
1.000053e+02;5.514850e+02;5.589520e+02;5.586280e+02;6.174633e+02;1.354161e+03;5.626196e+02;6.465567e+02;2.040169e+03;5.643119e+02;6.316307e+01
