time ;cntrlvar 110;tempf 555500000;httemp 555000101;httemp 555002501;httemp 555005001;httemp 555000108;httemp 555002508;httemp 555005008;httemp 555002501;httemp 555002502;httemp 555002503;httemp 555002504;httemp 555002505;httemp 555002506;httemp 555002507;httemp 555002508;httemp 555002509;httemp 555002510;cntrlvar 120;htmode 555000101;htmode 555002501;htmode 555005001;htchfr 555000101;htchfr 555002501;htchfr 555005001
0.000000e+00;1.595415e+02;5.662500e+02;1.000000e+03;1.000000e+03;1.000000e+03;1.000000e+03;1.000000e+03;1.000000e+03;1.000000e+03;1.000000e+03;1.000000e+03;1.000000e+03;1.000000e+03;1.000000e+03;1.000000e+03;1.000000e+03;1.000000e+03;1.000000e+03;0.000000e+00;7.000000e+00;7.000000e+00;7.000000e+00;1.234567e+01;1.234567e+01;1.234567e+01
5.001979e-01;4.283111e+01;5.934267e+02;1.002675e+03;1.081584e+03;9.999908e+02;7.280059e+02;7.628641e+02;7.604340e+02;1.081584e+03;1.081571e+03;1.081493e+03;1.081113e+03;1.079454e+03;1.073246e+03;1.054261e+03;7.628641e+02;7.588526e+02;7.526463e+02;7.429662e-01;7.000000e+00;7.000000e+00;7.000000e+00;1.174017e+01;1.078386e+01;1.198547e+01
1.000198e+00;3.518784e+01;5.888088e+02;1.004913e+03;1.161918e+03;9.995917e+02;5.888621e+02;6.996649e+02;6.965085e+02;1.161918e+03;1.161694e+03;1.160757e+03;1.157993e+03;1.150737e+03;1.133776e+03;1.099099e+03;6.996649e+02;6.951096e+02;6.901229e+02;7.607821e-01;2.000000e+00;7.000000e+00;7.000000e+00;1.234567e+01;1.679807e+01;1.930530e+01
1.507135e+00;3.336686e+01;5.839093e+02;1.005426e+03;1.241039e+03;9.976312e+02;5.768640e+02;6.913724e+02;5.955283e+02;1.241039e+03;1.240254e+03;1.237404e+03;1.230664e+03;1.216561e+03;1.189788e+03;1.143823e+03;6.913724e+02;6.863295e+02;6.816108e+02;7.376019e-01;2.000000e+00;7.000000e+00;2.000000e+00;1.234567e+01;1.903499e+01;1.234567e+01
2.003892e+00;2.642172e+01;5.831204e+02;1.003324e+03;1.315450e+03;9.935254e+02;5.764056e+02;6.957585e+02;5.934493e+02;1.315450e+03;1.313906e+03;1.308653e+03;1.297539e+03;1.276879e+03;1.241638e+03;1.186092e+03;6.957585e+02;6.900684e+02;6.848547e+02;7.507440e-01;2.000000e+00;7.000000e+00;2.000000e+00;1.234567e+01;1.768442e+01;1.234567e+01
2.500654e+00;2.697037e+01;5.802064e+02;9.987263e+02;1.386568e+03;9.872164e+02;5.760374e+02;7.049031e+02;5.892964e+02;1.386568e+03;1.384189e+03;1.376382e+03;1.360876e+03;1.333949e+03;1.290665e+03;1.225619e+03;7.049031e+02;6.986206e+02;6.929299e+02;7.544837e-01;2.000000e+00;7.000000e+00;2.000000e+00;1.234567e+01;1.614849e+01;1.234567e+01
3.004946e+00;2.868160e+01;5.812924e+02;9.922247e+02;1.455684e+03;9.789576e+02;5.757143e+02;7.164413e+02;5.899203e+02;1.455684e+03;1.452432e+03;1.441988e+03;1.422034e+03;1.388850e+03;1.337578e+03;1.262880e+03;7.164413e+02;7.095748e+02;7.033547e+02;7.551090e-01;2.000000e+00;7.000000e+00;2.000000e+00;1.234567e+01;1.457681e+01;1.234567e+01
3.501715e+00;3.041166e+01;5.819396e+02;9.847339e+02;1.520975e+03;9.696204e+02;5.754292e+02;7.284810e+02;5.900883e+02;1.520975e+03;1.516864e+03;1.503829e+03;1.479518e+03;1.440164e+03;1.380993e+03;1.296832e+03;7.284810e+02;7.210583e+02;7.143163e+02;7.559885e-01;2.000000e+00;7.000000e+00;2.000000e+00;1.234567e+01;1.324218e+01;1.234567e+01
4.006015e+00;3.223066e+01;5.828931e+02;9.765624e+02;1.584548e+03;9.594880e+02;5.751638e+02;7.409075e+02;5.907039e+02;1.584548e+03;1.579564e+03;1.563900e+03;1.535163e+03;1.489594e+03;1.422354e+03;1.328506e+03;7.409075e+02;7.329442e+02;7.256879e+02;7.568195e-01;2.000000e+00;7.000000e+00;2.000000e+00;1.234567e+01;1.210775e+01;1.234567e+01
4.502790e+00;3.399809e+01;5.838224e+02;9.682936e+02;1.644598e+03;9.492549e+02;5.749203e+02;7.531652e+02;5.913260e+02;1.644598e+03;1.638754e+03;1.620493e+03;1.587402e+03;1.535658e+03;1.460502e+03;1.357203e+03;7.531652e+02;7.446929e+02;7.369498e+02;7.576296e-01;2.000000e+00;7.000000e+00;2.000000e+00;1.234567e+01;1.117050e+01;1.234567e+01
5.007095e+00;3.575465e+01;5.847454e+02;9.598879e+02;1.703005e+03;9.388646e+02;5.746877e+02;7.655153e+02;5.919573e+02;1.703005e+03;1.696283e+03;1.675386e+03;1.637859e+03;1.579873e+03;1.496709e+03;1.383869e+03;7.655153e+02;7.565526e+02;7.483375e+02;7.584403e-01;2.000000e+00;7.000000e+00;2.000000e+00;1.234567e+01;1.036611e+01;1.234567e+01
5.503876e+00;3.743946e+01;5.856294e+02;9.517172e+02;1.758041e+03;9.287888e+02;5.744706e+02;7.774971e+02;5.925706e+02;1.758041e+03;1.750468e+03;1.726996e+03;1.685098e+03;1.620970e+03;1.529989e+03;1.407890e+03;7.774971e+02;7.680770e+02;7.594199e+02;7.592244e-01;2.000000e+00;7.000000e+00;2.000000e+00;1.234567e+01;9.691462e+00;1.234567e+01
6.000659e+00;3.907381e+01;5.864846e+02;9.437218e+02;1.810479e+03;9.189607e+02;5.742640e+02;7.892490e+02;5.931697e+02;1.810479e+03;1.802101e+03;1.776121e+03;1.729969e+03;1.659725e+03;1.560972e+03;1.429882e+03;7.892490e+02;7.793962e+02;7.703193e+02;7.599921e-01;2.000000e+00;7.000000e+00;2.000000e+00;1.234567e+01;9.111109e+00;1.234567e+01
6.504971e+00;4.067612e+01;5.873211e+02;9.358289e+02;1.860730e+03;9.092840e+02;5.740637e+02;8.008669e+02;5.937597e+02;1.860730e+03;1.851570e+03;1.823242e+03;1.773003e+03;1.696768e+03;1.590260e+03;1.450214e+03;8.008669e+02;7.906017e+02;7.811227e+02;7.607512e-01;2.000000e+00;7.000000e+00;2.000000e+00;1.234567e+01;8.602347e+00;1.234567e+01
7.001759e+00;4.219464e+01;5.881119e+02;9.282953e+02;1.907442e+03;9.000676e+02;5.738749e+02;8.119501e+02;5.943196e+02;1.907442e+03;1.897511e+03;1.866863e+03;1.812767e+03;1.731007e+03;1.617106e+03;1.468478e+03;8.119501e+02;8.013038e+02;7.914520e+02;7.614771e-01;2.000000e+00;7.000000e+00;2.000000e+00;1.234567e+01;8.167413e+00;1.234567e+01
7.506075e+00;4.367304e+01;5.888793e+02;9.208997e+02;1.952195e+03;8.910372e+02;5.736915e+02;8.228125e+02;5.948640e+02;1.952195e+03;1.941490e+03;1.908525e+03;1.850587e+03;1.763459e+03;1.642333e+03;1.485408e+03;8.228125e+02;8.118036e+02;8.015959e+02;7.621905e-01;2.000000e+00;7.000000e+00;2.000000e+00;1.234567e+01;7.781655e+00;1.234567e+01
8.002867e+00;4.506536e+01;5.896001e+02;9.138624e+02;1.993786e+03;8.824578e+02;5.735184e+02;8.330917e+02;5.953753e+02;1.993786e+03;1.982344e+03;1.947124e+03;1.885432e+03;1.793120e+03;1.665374e+03;1.500560e+03;8.330917e+02;8.217495e+02;8.112134e+02;7.628680e-01;2.000000e+00;7.000000e+00;2.000000e+00;1.234567e+01;7.448424e+00;1.234567e+01
8.507188e+00;4.641267e+01;5.902956e+02;9.069644e+02;2.033381e+03;8.740593e+02;5.733498e+02;8.430716e+02;5.958680e+02;2.033381e+03;2.021283e+03;1.983932e+03;1.918515e+03;1.821095e+03;1.687004e+03;1.514516e+03;8.430716e+02;8.314146e+02;8.205671e+02;7.635292e-01;2.000000e+00;7.000000e+00;2.000000e+00;1.234567e+01;7.150745e+00;1.234567e+01
9.003983e+00;4.767387e+01;5.909449e+02;9.004045e+02;2.069899e+03;8.660789e+02;5.731902e+02;8.524320e+02;5.963265e+02;2.069899e+03;2.057164e+03;2.017937e+03;1.948997e+03;1.846726e+03;1.706659e+03;1.526955e+03;8.524320e+02;8.404871e+02;8.293540e+02;7.641529e-01;2.000000e+00;7.000000e+00;2.000000e+00;1.234567e+01;6.892023e+00;1.234567e+01
9.500781e+00;4.886972e+01;5.915588e+02;8.940698e+02;2.104149e+03;8.583745e+02;5.730370e+02;8.613248e+02;5.967582e+02;2.104149e+03;2.090788e+03;2.049663e+03;1.977528e+03;1.870528e+03;1.724712e+03;1.538263e+03;8.613248e+02;8.491121e+02;8.377128e+02;7.647491e-01;2.000000e+00;7.000000e+00;2.000000e+00;1.234567e+01;6.662654e+00;1.234567e+01
1.000511e+01;5.001794e+01;5.921465e+02;8.878598e+02;2.136727e+03;8.508306e+02;5.728874e+02;8.698771e+02;5.971690e+02;2.136727e+03;2.122738e+03;2.079744e+03;2.004573e+03;1.892932e+03;1.741532e+03;1.548645e+03;8.698771e+02;8.574125e+02;8.457623e+02;7.653260e-01;2.000000e+00;7.000000e+00;2.000000e+00;1.234567e+01;6.455666e+00;1.234567e+01
1.050944e+01;5.110101e+01;5.926992e+02;8.818630e+02;2.167252e+03;8.435565e+02;5.727437e+02;8.779460e+02;5.975526e+02;2.167252e+03;2.152658e+03;2.107874e+03;2.029804e+03;1.913700e+03;1.756973e+03;1.557998e+03;8.779460e+02;8.652487e+02;8.533657e+02;7.658743e-01;2.000000e+00;7.000000e+00;2.000000e+00;1.234567e+01;6.271525e+00;1.234567e+01
1.100624e+01;5.210562e+01;5.932106e+02;8.761547e+02;2.195439e+03;8.366439e+02;5.726074e+02;8.854484e+02;5.979045e+02;2.195439e+03;2.180285e+03;2.133806e+03;2.052925e+03;1.932709e+03;1.770953e+03;1.566304e+03;8.854484e+02;8.725176e+02;8.604226e+02;7.663862e-01;2.000000e+00;7.000000e+00;2.000000e+00;1.234567e+01;6.109689e+00;1.234567e+01
1.151057e+01;5.306411e+01;5.936971e+02;8.705531e+02;2.222201e+03;8.298721e+02;5.724743e+02;8.926162e+02;5.982361e+02;2.222201e+03;2.206519e+03;2.158375e+03;2.074686e+03;1.950669e+03;1.784021e+03;1.573922e+03;8.926162e+02;8.794594e+02;8.671646e+02;7.668780e-01;2.000000e+00;7.000000e+00;2.000000e+00;1.234567e+01;5.962584e+00;1.234567e+01
1.200737e+01;5.395013e+01;5.941456e+02;8.652161e+02;2.246846e+03;8.234327e+02;5.723480e+02;8.992623e+02;5.985383e+02;2.246846e+03;2.230636e+03;2.180928e+03;2.094629e+03;1.967097e+03;1.795876e+03;1.580712e+03;8.992623e+02;8.858987e+02;8.733990e+02;7.673358e-01;2.000000e+00;7.000000e+00;2.000000e+00;1.234567e+01;5.832637e+00;1.234567e+01
1.251171e+01;5.479366e+01;5.945712e+02;8.599752e+02;2.270224e+03;8.171201e+02;5.722247e+02;9.056012e+02;5.988215e+02;2.270224e+03;2.253505e+03;2.202282e+03;2.113479e+03;1.982577e+03;1.806960e+03;1.586953e+03;9.056012e+02;8.920424e+02;8.793490e+02;7.677746e-01;2.000000e+00;7.000000e+00;2.000000e+00;1.234567e+01;5.713674e+00;1.234567e+01
1.300852e+01;5.557213e+01;5.949628e+02;8.549833e+02;2.291728e+03;8.111130e+02;5.721075e+02;9.114652e+02;5.990787e+02;2.291728e+03;2.274575e+03;2.221924e+03;2.130777e+03;1.996729e+03;1.816994e+03;1.592557e+03;9.114652e+02;8.977270e+02;8.848557e+02;7.681821e-01;2.000000e+00;7.000000e+00;2.000000e+00;1.234567e+01;5.607714e+00;1.234567e+01
1.350533e+01;5.630170e+01;5.953287e+02;8.501551e+02;2.311853e+03;8.053063e+02;5.719947e+02;9.169901e+02;5.993156e+02;2.311853e+03;2.294277e+03;2.240274e+03;2.146885e+03;2.009853e+03;1.826197e+03;1.597704e+03;9.169901e+02;9.030839e+02;8.900460e+02;7.685665e-01;2.000000e+00;7.000000e+00;2.000000e+00;1.234567e+01;5.511243e+00;1.234567e+01
1.400966e+01;5.699506e+01;5.956756e+02;8.454148e+02;2.330928e+03;7.996074e+02;5.718842e+02;9.222548e+02;5.995366e+02;2.330928e+03;2.312928e+03;2.257685e+03;2.162112e+03;2.022203e+03;1.834791e+03;1.602447e+03;9.222548e+02;9.081902e+02;8.949947e+02;7.689339e-01;2.000000e+00;7.000000e+00;2.000000e+00;1.234567e+01;5.422194e+00;1.234567e+01
1.450648e+01;5.763377e+01;5.959944e+02;8.408979e+02;2.348483e+03;7.941777e+02;5.717793e+02;9.271113e+02;5.997363e+02;2.348483e+03;2.330094e+03;2.273710e+03;2.176086e+03;2.033488e+03;1.842582e+03;1.606684e+03;9.271113e+02;9.129017e+02;8.995618e+02;7.692740e-01;2.000000e+00;7.000000e+00;2.000000e+00;1.234567e+01;5.342445e+00;1.234567e+01
1.501082e+01;5.823952e+01;5.962961e+02;8.364618e+02;2.365153e+03;7.888440e+02;5.716766e+02;9.317238e+02;5.999219e+02;2.365153e+03;2.346391e+03;2.288914e+03;2.189309e+03;2.044122e+03;1.849866e+03;1.610584e+03;9.317238e+02;9.173774e+02;9.039012e+02;7.695981e-01;2.000000e+00;7.000000e+00;2.000000e+00;1.234567e+01;5.268740e+00;1.234567e+01
1.550763e+01;5.879663e+01;5.965729e+02;8.322332e+02;2.380524e+03;7.837568e+02;5.715790e+02;9.359727e+02;6.000888e+02;2.380524e+03;2.361414e+03;2.302915e+03;2.201454e+03;2.053848e+03;1.856476e+03;1.614069e+03;9.359727e+02;9.215010e+02;9.078998e+02;7.698975e-01;2.000000e+00;7.000000e+00;2.000000e+00;1.234567e+01;5.202530e+00;1.234567e+01
1.601197e+01;5.932441e+01;5.968347e+02;8.280784e+02;2.395129e+03;7.787529e+02;5.714833e+02;9.400051e+02;6.002431e+02;2.395129e+03;2.375684e+03;2.316178e+03;2.212972e+03;2.063021e+03;1.862662e+03;1.617281e+03;9.400051e+02;9.254151e+02;9.116959e+02;7.701825e-01;2.000000e+00;7.000000e+00;2.000000e+00;1.234567e+01;5.141132e+00;1.234567e+01
1.650879e+01;5.980931e+01;5.970746e+02;8.241165e+02;2.408579e+03;7.739781e+02;5.713925e+02;9.437173e+02;6.003812e+02;2.408579e+03;2.388812e+03;2.328342e+03;2.223589e+03;2.071430e+03;1.868286e+03;1.620158e+03;9.437173e+02;9.290189e+02;9.151915e+02;7.704454e-01;2.000000e+00;7.000000e+00;2.000000e+00;1.234567e+01;5.085804e+00;1.234567e+01
1.700561e+01;6.026163e+01;5.972980e+02;8.202796e+02;2.421155e+03;7.693517e+02;5.713047e+02;9.471883e+02;6.005065e+02;2.421155e+03;2.401082e+03;2.339703e+03;2.233509e+03;2.079260e+03;1.873484e+03;1.622780e+03;9.471883e+02;9.323888e+02;9.184606e+02;7.706916e-01;2.000000e+00;7.000000e+00;2.000000e+00;1.234567e+01;5.035074e+00;1.234567e+01
1.750995e+01;6.068958e+01;5.975090e+02;8.165077e+02;2.433089e+03;7.648017e+02;5.712186e+02;9.504823e+02;6.006216e+02;2.433089e+03;2.412721e+03;2.350476e+03;2.242902e+03;2.086620e+03;1.878391e+03;1.625214e+03;9.504823e+02;9.355872e+02;9.215635e+02;7.709255e-01;2.000000e+00;7.000000e+00;2.000000e+00;1.234567e+01;4.987798e+00;1.234567e+01
1.800677e+01;6.108248e+01;5.977023e+02;8.129089e+02;2.444080e+03;7.604583e+02;5.711368e+02;9.535222e+02;6.007238e+02;2.444080e+03;2.423436e+03;2.360382e+03;2.251512e+03;2.093314e+03;1.882904e+03;1.627430e+03;9.535222e+02;9.385389e+02;9.244274e+02;7.711411e-01;2.000000e+00;7.000000e+00;2.000000e+00;1.234567e+01;4.944890e+00;1.234567e+01
1.851112e+01;6.145428e+01;5.978849e+02;8.093697e+02;2.454511e+03;7.561847e+02;5.710567e+02;9.564141e+02;6.008172e+02;2.454511e+03;2.433601e+03;2.369767e+03;2.259646e+03;2.099621e+03;1.887156e+03;1.629503e+03;9.564141e+02;9.413470e+02;9.271522e+02;7.713459e-01;2.000000e+00;7.000000e+00;2.000000e+00;1.234567e+01;4.904689e+00;1.234567e+01
1.900794e+01;6.179562e+01;5.980523e+02;8.059915e+02;2.464118e+03;7.521032e+02;5.709804e+02;9.590798e+02;6.008998e+02;2.464118e+03;2.442959e+03;2.378394e+03;2.267106e+03;2.105393e+03;1.891039e+03;1.631377e+03;9.590798e+02;9.439359e+02;9.296644e+02;7.715344e-01;2.000000e+00;7.000000e+00;2.000000e+00;1.234567e+01;4.868155e+00;1.234567e+01
1.951229e+01;6.211851e+01;5.982104e+02;8.026680e+02;2.473235e+03;7.480854e+02;5.709056e+02;9.616096e+02;6.009749e+02;2.473235e+03;2.451835e+03;2.386567e+03;2.274163e+03;2.110841e+03;1.894691e+03;1.633123e+03;9.616096e+02;9.463929e+02;9.320489e+02;7.717134e-01;2.000000e+00;7.000000e+00;2.000000e+00;1.234567e+01;4.833941e+00;1.234567e+01
2.000912e+01;6.241479e+01;5.983553e+02;7.994947e+02;2.481630e+03;7.442464e+02;5.708344e+02;9.639379e+02;6.010408e+02;2.481630e+03;2.460006e+03;2.394084e+03;2.280645e+03;2.115833e+03;1.898025e+03;1.634699e+03;9.639379e+02;9.486544e+02;9.342436e+02;7.718780e-01;2.000000e+00;7.000000e+00;2.000000e+00;1.234567e+01;4.802838e+00;1.234567e+01
2.050594e+01;6.269088e+01;5.984901e+02;7.964172e+02;2.489483e+03;7.405211e+02;5.707654e+02;9.661134e+02;6.010994e+02;2.489483e+03;2.467646e+03;2.401107e+03;2.286693e+03;2.120480e+03;1.901116e+03;1.636146e+03;9.661134e+02;9.507677e+02;9.362947e+02;7.720318e-01;2.000000e+00;7.000000e+00;2.000000e+00;1.234567e+01;4.774102e+00;1.234567e+01
2.101029e+01;6.295184e+01;5.986174e+02;7.933879e+02;2.496935e+03;7.368513e+02;5.706978e+02;9.681757e+02;6.011519e+02;2.496935e+03;2.474896e+03;2.407767e+03;2.292422e+03;2.124871e+03;1.904025e+03;1.637493e+03;9.681757e+02;9.527711e+02;9.382391e+02;7.721776e-01;2.000000e+00;7.000000e+00;2.000000e+00;1.234567e+01;4.747148e+00;1.234567e+01
2.150712e+01;6.319110e+01;5.987339e+02;7.904935e+02;2.503800e+03;7.333427e+02;5.706334e+02;9.700726e+02;6.011974e+02;2.503800e+03;2.481573e+03;2.413895e+03;2.297687e+03;2.128898e+03;1.906683e+03;1.638711e+03;9.700726e+02;9.546137e+02;9.400277e+02;7.723115e-01;2.000000e+00;7.000000e+00;2.000000e+00;1.234567e+01;4.722597e+00;1.234567e+01
2.201147e+01;6.341716e+01;5.988440e+02;7.876432e+02;2.510317e+03;7.298848e+02;5.705702e+02;9.718703e+02;6.012376e+02;2.510317e+03;2.487910e+03;2.419708e+03;2.302676e+03;2.132705e+03;1.909186e+03;1.639847e+03;9.718703e+02;9.563602e+02;9.417230e+02;7.724383e-01;2.000000e+00;7.000000e+00;2.000000e+00;1.234567e+01;4.699537e+00;1.234567e+01
2.250830e+01;6.362444e+01;5.989448e+02;7.849187e+02;2.516320e+03;7.265775e+02;5.705099e+02;9.735236e+02;6.012719e+02;2.516320e+03;2.493746e+03;2.425058e+03;2.307262e+03;2.136198e+03;1.911474e+03;1.640875e+03;9.735236e+02;9.579664e+02;9.432820e+02;7.725549e-01;2.000000e+00;7.000000e+00;2.000000e+00;1.234567e+01;4.678508e+00;1.234567e+01
2.300512e+01;6.381743e+01;5.990385e+02;7.822738e+02;2.521938e+03;7.233647e+02;5.704515e+02;9.750677e+02;6.013013e+02;2.521938e+03;2.499207e+03;2.430061e+03;2.311547e+03;2.139453e+03;1.913599e+03;1.641821e+03;9.750677e+02;9.594666e+02;9.447383e+02;7.726637e-01;2.000000e+00;7.000000e+00;2.000000e+00;1.234567e+01;4.659016e+00;1.234567e+01
2.350948e+01;6.399973e+01;5.991270e+02;7.796682e+02;2.527271e+03;7.201968e+02;5.703942e+02;9.765311e+02;6.013267e+02;2.527271e+03;2.504390e+03;2.434807e+03;2.315607e+03;2.142532e+03;1.915602e+03;1.642704e+03;9.765311e+02;9.608883e+02;9.461184e+02;7.727666e-01;2.000000e+00;7.000000e+00;2.000000e+00;1.234567e+01;4.640675e+00;1.234567e+01
2.400631e+01;6.416682e+01;5.992080e+02;7.771777e+02;2.532186e+03;7.171650e+02;5.703395e+02;9.778769e+02;6.013475e+02;2.532186e+03;2.509165e+03;2.439176e+03;2.319341e+03;2.145359e+03;1.917435e+03;1.643506e+03;9.778769e+02;9.621958e+02;9.473877e+02;7.728611e-01;2.000000e+00;7.000000e+00;2.000000e+00;1.234567e+01;4.623919e+00;1.234567e+01
2.451066e+01;6.432463e+01;5.992845e+02;7.747245e+02;2.536852e+03;7.141744e+02;5.702858e+02;9.791523e+02;6.013649e+02;2.536852e+03;2.513697e+03;2.443320e+03;2.322880e+03;2.148034e+03;1.919164e+03;1.644255e+03;9.791523e+02;9.634349e+02;9.485906e+02;7.729506e-01;2.000000e+00;7.000000e+00;2.000000e+00;1.234567e+01;4.608135e+00;1.234567e+01
2.500749e+01;6.446925e+01;5.993545e+02;7.723797e+02;2.541151e+03;7.113113e+02;5.702345e+02;9.803253e+02;6.013784e+02;2.541151e+03;2.517873e+03;2.447136e+03;2.326135e+03;2.150490e+03;1.920748e+03;1.644937e+03;9.803253e+02;9.645745e+02;9.496968e+02;7.730327e-01;2.000000e+00;7.000000e+00;2.000000e+00;1.234567e+01;4.593701e+00;1.234567e+01
2.551185e+01;6.460583e+01;5.994205e+02;7.700697e+02;2.545232e+03;7.084865e+02;5.701841e+02;9.814370e+02;6.013889e+02;2.545232e+03;2.521836e+03;2.450757e+03;2.329222e+03;2.152815e+03;1.922243e+03;1.645574e+03;9.814370e+02;9.656546e+02;9.507453e+02;7.731104e-01;2.000000e+00;7.000000e+00;2.000000e+00;1.234567e+01;4.580092e+00;1.234567e+01
2.600868e+01;6.473100e+01;5.994811e+02;7.678612e+02;2.548984e+03;7.057820e+02;5.701360e+02;9.824593e+02;6.013963e+02;2.548984e+03;2.525488e+03;2.454091e+03;2.332062e+03;2.154950e+03;1.923612e+03;1.646154e+03;9.824593e+02;9.666478e+02;9.517095e+02;7.731817e-01;2.000000e+00;7.000000e+00;2.000000e+00;1.234567e+01;4.567637e+00;1.234567e+01
2.650551e+01;6.484752e+01;5.995374e+02;7.657171e+02;2.552492e+03;7.031535e+02;5.700894e+02;9.834142e+02;6.014011e+02;2.552492e+03;2.528905e+03;2.457209e+03;2.334715e+03;2.156943e+03;1.924887e+03;1.646691e+03;9.834142e+02;9.675756e+02;9.526101e+02;7.732483e-01;2.000000e+00;7.000000e+00;2.000000e+00;1.234567e+01;4.556055e+00;1.234567e+01
2.700987e+01;6.495753e+01;5.995905e+02;7.636042e+02;2.555821e+03;7.005621e+02;5.700436e+02;9.843193e+02;6.014036e+02;2.555821e+03;2.532148e+03;2.460168e+03;2.337232e+03;2.158830e+03;1.926091e+03;1.647194e+03;9.843193e+02;9.684549e+02;9.534637e+02;7.733111e-01;2.000000e+00;7.000000e+00;2.000000e+00;1.234567e+01;4.545122e+00;1.234567e+01
2.750671e+01;6.505833e+01;5.996392e+02;7.615837e+02;2.558888e+03;6.980856e+02;5.699999e+02;9.851517e+02;6.014038e+02;2.558888e+03;2.535136e+03;2.462893e+03;2.339548e+03;2.160564e+03;1.927195e+03;1.647652e+03;9.851517e+02;9.692636e+02;9.542487e+02;7.733688e-01;2.000000e+00;7.000000e+00;2.000000e+00;1.234567e+01;4.535104e+00;1.234567e+01
2.801107e+01;6.515350e+01;5.996851e+02;7.595923e+02;2.561800e+03;6.956437e+02;5.699568e+02;9.859407e+02;6.014022e+02;2.561800e+03;2.537972e+03;2.465479e+03;2.341744e+03;2.162207e+03;1.928239e+03;1.648082e+03;9.859407e+02;9.700302e+02;9.549928e+02;7.734234e-01;2.000000e+00;7.000000e+00;2.000000e+00;1.234567e+01;4.525641e+00;1.234567e+01
2.850790e+01;6.524068e+01;5.997271e+02;7.576877e+02;2.564483e+03;6.933047e+02;5.699157e+02;9.866664e+02;6.013987e+02;2.564483e+03;2.540585e+03;2.467860e+03;2.343765e+03;2.163717e+03;1.929196e+03;1.648475e+03;9.866664e+02;9.707352e+02;9.556772e+02;7.734734e-01;2.000000e+00;7.000000e+00;2.000000e+00;1.234567e+01;4.516966e+00;1.234567e+01
2.901226e+01;6.532298e+01;5.997668e+02;7.558101e+02;2.567030e+03;6.909947e+02;5.698752e+02;9.873543e+02;6.013936e+02;2.567030e+03;2.543065e+03;2.470120e+03;2.345683e+03;2.165148e+03;1.930102e+03;1.648844e+03;9.873543e+02;9.714034e+02;9.563259e+02;7.735208e-01;2.000000e+00;7.000000e+00;2.000000e+00;1.234567e+01;4.508767e+00;1.234567e+01
2.950910e+01;6.539837e+01;5.998031e+02;7.540140e+02;2.569376e+03;6.887802e+02;5.698366e+02;9.879871e+02;6.013872e+02;2.569376e+03;2.545350e+03;2.472199e+03;2.347438e+03;2.166471e+03;1.930934e+03;1.649181e+03;9.879871e+02;9.720181e+02;9.569225e+02;7.735642e-01;2.000000e+00;7.000000e+00;2.000000e+00;1.234567e+01;4.501245e+00;1.234567e+01
3.000593e+01;6.546851e+01;5.998369e+02;7.522692e+02;2.571570e+03;6.866243e+02;5.697992e+02;9.885786e+02;6.013796e+02;2.571570e+03;2.547485e+03;2.474139e+03;2.349070e+03;2.167713e+03;1.931713e+03;1.649496e+03;9.885786e+02;9.725927e+02;9.574802e+02;7.736046e-01;2.000000e+00;7.000000e+00;2.000000e+00;1.234567e+01;4.494232e+00;1.234567e+01
3.051030e+01;6.553474e+01;5.998688e+02;7.505489e+02;2.573650e+03;6.844938e+02;5.697623e+02;9.891398e+02;6.013706e+02;2.573650e+03;2.549509e+03;2.475975e+03;2.350614e+03;2.168891e+03;1.932453e+03;1.649794e+03;9.891398e+02;9.731379e+02;9.580094e+02;7.736428e-01;2.000000e+00;7.000000e+00;2.000000e+00;1.234567e+01;4.487591e+00;1.234567e+01
3.100713e+01;6.559539e+01;5.998980e+02;7.489028e+02;2.575563e+03;6.824505e+02;5.697271e+02;9.896567e+02;6.013608e+02;2.575563e+03;2.551369e+03;2.477663e+03;2.352034e+03;2.169975e+03;1.933135e+03;1.650068e+03;9.896567e+02;9.736400e+02;9.584966e+02;7.736779e-01;2.000000e+00;7.000000e+00;2.000000e+00;1.234567e+01;4.481488e+00;1.234567e+01
3.151150e+01;6.565265e+01;5.999255e+02;7.472796e+02;2.577376e+03;6.804307e+02;5.696924e+02;9.901470e+02;6.013499e+02;2.577376e+03;2.553132e+03;2.479262e+03;2.353380e+03;2.171002e+03;1.933781e+03;1.650328e+03;9.901470e+02;9.741163e+02;9.589589e+02;7.737111e-01;2.000000e+00;7.000000e+00;2.000000e+00;1.234567e+01;4.475708e+00;1.234567e+01
3.200833e+01;6.570510e+01;5.999508e+02;7.457262e+02;2.579042e+03;6.784930e+02;5.696592e+02;9.905983e+02;6.013384e+02;2.579042e+03;2.554753e+03;2.480732e+03;2.354617e+03;2.171948e+03;1.934376e+03;1.650567e+03;9.905983e+02;9.745546e+02;9.593843e+02;7.737415e-01;2.000000e+00;7.000000e+00;2.000000e+00;1.234567e+01;4.470399e+00;1.234567e+01
3.250517e+01;6.575389e+01;5.999742e+02;7.442167e+02;2.580599e+03;6.766055e+02;5.696271e+02;9.910201e+02;6.013262e+02;2.580599e+03;2.556267e+03;2.482106e+03;2.355773e+03;2.172831e+03;1.934931e+03;1.650789e+03;9.910201e+02;9.749642e+02;9.597819e+02;7.737699e-01;2.000000e+00;7.000000e+00;2.000000e+00;1.234567e+01;4.465445e+00;1.234567e+01
3.300953e+01;6.579994e+01;5.999964e+02;7.427278e+02;2.582075e+03;6.747390e+02;5.695953e+02;9.914199e+02;6.013131e+02;2.582075e+03;2.557703e+03;2.483408e+03;2.356869e+03;2.173668e+03;1.935457e+03;1.650999e+03;9.914199e+02;9.753526e+02;9.601588e+02;7.737966e-01;2.000000e+00;7.000000e+00;2.000000e+00;1.234567e+01;4.460754e+00;1.234567e+01
3.350637e+01;6.584211e+01;6.000167e+02;7.413027e+02;2.583433e+03;6.729474e+02;5.695651e+02;9.917877e+02;6.012997e+02;2.583433e+03;2.559023e+03;2.484605e+03;2.357877e+03;2.174438e+03;1.935940e+03;1.651192e+03;9.917877e+02;9.757098e+02;9.605055e+02;7.738212e-01;2.000000e+00;7.000000e+00;2.000000e+00;1.234567e+01;4.456446e+00;1.234567e+01
3.401074e+01;6.588190e+01;6.000358e+02;7.398970e+02;2.584719e+03;6.711747e+02;5.695353e+02;9.921364e+02;6.012856e+02;2.584719e+03;2.560275e+03;2.485741e+03;2.358833e+03;2.175168e+03;1.936398e+03;1.651374e+03;9.921364e+02;9.760484e+02;9.608340e+02;7.738444e-01;2.000000e+00;7.000000e+00;2.000000e+00;1.234567e+01;4.452367e+00;1.234567e+01
3.450758e+01;6.591832e+01;6.000533e+02;7.385513e+02;2.585904e+03;6.694727e+02;5.695067e+02;9.924570e+02;6.012714e+02;2.585904e+03;2.561427e+03;2.486786e+03;2.359712e+03;2.175840e+03;1.936819e+03;1.651541e+03;9.924570e+02;9.763599e+02;9.611363e+02;7.738657e-01;2.000000e+00;7.000000e+00;2.000000e+00;1.234567e+01;4.448620e+00;1.234567e+01
3.501194e+01;6.595267e+01;6.000698e+02;7.372237e+02;2.587026e+03;6.677885e+02;5.694786e+02;9.927609e+02;6.012565e+02;2.587026e+03;2.562519e+03;2.487776e+03;2.360546e+03;2.176476e+03;1.937218e+03;1.651699e+03;9.927609e+02;9.766550e+02;9.614227e+02;7.738858e-01;2.000000e+00;7.000000e+00;2.000000e+00;1.234567e+01;4.445072e+00;1.234567e+01
3.550878e+01;6.598412e+01;6.000849e+02;7.359527e+02;2.588060e+03;6.661714e+02;5.694518e+02;9.930403e+02;6.012416e+02;2.588060e+03;2.563523e+03;2.488688e+03;2.361313e+03;2.177062e+03;1.937585e+03;1.651844e+03;9.930403e+02;9.769264e+02;9.616860e+02;7.739042e-01;2.000000e+00;7.000000e+00;2.000000e+00;1.234567e+01;4.441813e+00;1.234567e+01
3.600562e+01;6.601334e+01;6.000989e+02;7.347171e+02;2.589025e+03;6.645949e+02;5.694257e+02;9.933013e+02;6.012264e+02;2.589025e+03;2.564463e+03;2.489540e+03;2.362030e+03;2.177608e+03;1.937927e+03;1.651978e+03;9.933013e+02;9.771799e+02;9.619319e+02;7.739214e-01;2.000000e+00;7.000000e+00;2.000000e+00;1.234567e+01;4.438771e+00;1.234567e+01
3.650999e+01;6.604089e+01;6.001122e+02;7.334979e+02;2.589941e+03;6.630347e+02;5.694000e+02;9.935487e+02;6.012109e+02;2.589941e+03;2.565353e+03;2.490347e+03;2.362709e+03;2.178127e+03;1.938251e+03;1.652106e+03;9.935487e+02;9.774200e+02;9.621650e+02;7.739376e-01;2.000000e+00;7.000000e+00;2.000000e+00;1.234567e+01;4.435890e+00;1.234567e+01
3.700682e+01;6.606610e+01;6.001243e+02;7.323305e+02;2.590784e+03;6.615365e+02;5.693754e+02;9.937761e+02;6.011954e+02;2.590784e+03;2.566173e+03;2.491090e+03;2.363334e+03;2.178604e+03;1.938549e+03;1.652223e+03;9.937761e+02;9.776409e+02;9.623793e+02;7.739524e-01;2.000000e+00;7.000000e+00;2.000000e+00;1.234567e+01;4.433243e+00;1.234567e+01
3.751119e+01;6.608985e+01;6.001357e+02;7.311785e+02;2.591583e+03;6.600536e+02;5.693511e+02;9.939916e+02;6.011796e+02;2.591583e+03;2.566950e+03;2.491795e+03;2.363927e+03;2.179055e+03;1.938831e+03;1.652333e+03;9.939916e+02;9.778502e+02;9.625824e+02;7.739665e-01;2.000000e+00;7.000000e+00;2.000000e+00;1.234567e+01;4.430736e+00;1.234567e+01
3.800803e+01;6.611157e+01;6.001462e+02;7.300753e+02;2.592318e+03;6.586295e+02;5.693280e+02;9.941898e+02;6.011639e+02;2.592318e+03;2.567666e+03;2.492444e+03;2.364472e+03;2.179471e+03;1.939091e+03;1.652434e+03;9.941898e+02;9.780426e+02;9.627690e+02;7.739793e-01;2.000000e+00;7.000000e+00;2.000000e+00;1.234567e+01;4.428432e+00;1.234567e+01
3.851240e+01;6.613204e+01;6.001560e+02;7.289865e+02;2.593016e+03;6.572198e+02;5.693051e+02;9.943776e+02;6.011479e+02;2.593016e+03;2.568344e+03;2.493059e+03;2.364989e+03;2.179865e+03;1.939336e+03;1.652530e+03;9.943776e+02;9.782249e+02;9.629459e+02;7.739915e-01;2.000000e+00;7.000000e+00;2.000000e+00;1.234567e+01;4.426250e+00;1.234567e+01
3.900924e+01;6.615074e+01;6.001650e+02;7.279438e+02;2.593658e+03;6.558659e+02;5.692833e+02;9.945502e+02;6.011323e+02;2.593658e+03;2.568968e+03;2.493625e+03;2.365465e+03;2.180227e+03;1.939562e+03;1.652618e+03;9.945502e+02;9.783925e+02;9.631086e+02;7.740026e-01;2.000000e+00;7.000000e+00;2.000000e+00;1.234567e+01;4.424245e+00;1.234567e+01
3.950608e+01;6.616811e+01;6.001733e+02;7.269298e+02;2.594258e+03;6.545453e+02;5.692620e+02;9.947114e+02;6.011166e+02;2.594258e+03;2.569552e+03;2.494154e+03;2.365909e+03;2.180566e+03;1.939773e+03;1.652700e+03;9.947114e+02;9.785491e+02;9.632604e+02;7.740129e-01;2.000000e+00;7.000000e+00;2.000000e+00;1.234567e+01;4.422373e+00;1.234567e+01
4.001045e+01;6.618446e+01;6.001812e+02;7.259290e+02;2.594827e+03;6.532380e+02;5.692411e+02;9.948641e+02;6.011007e+02;2.594827e+03;2.570105e+03;2.494655e+03;2.366331e+03;2.180886e+03;1.939973e+03;1.652777e+03;9.948641e+02;9.786974e+02;9.634042e+02;7.740226e-01;2.000000e+00;7.000000e+00;2.000000e+00;1.234567e+01;4.420599e+00;1.234567e+01
4.050729e+01;6.619939e+01;6.001884e+02;7.249703e+02;2.595351e+03;6.519821e+02;5.692211e+02;9.950046e+02;6.010851e+02;2.595351e+03;2.570614e+03;2.495117e+03;2.366719e+03;2.181181e+03;1.940157e+03;1.652848e+03;9.950046e+02;9.788337e+02;9.635365e+02;7.740316e-01;2.000000e+00;7.000000e+00;2.000000e+00;1.234567e+01;4.418970e+00;1.234567e+01
4.101167e+01;6.621343e+01;6.001951e+02;7.240240e+02;2.595847e+03;6.507387e+02;5.692013e+02;9.951376e+02;6.010694e+02;2.595847e+03;2.571097e+03;2.495554e+03;2.367086e+03;2.181461e+03;1.940331e+03;1.652915e+03;9.951376e+02;9.789628e+02;9.636618e+02;7.740400e-01;2.000000e+00;7.000000e+00;2.000000e+00;1.234567e+01;4.417425e+00;1.234567e+01
4.150851e+01;6.622626e+01;6.002013e+02;7.231176e+02;2.596303e+03;6.495441e+02;5.691824e+02;9.952599e+02;6.010540e+02;2.596303e+03;2.571540e+03;2.495958e+03;2.367425e+03;2.181719e+03;1.940491e+03;1.652977e+03;9.952599e+02;9.790815e+02;9.637770e+02;7.740477e-01;2.000000e+00;7.000000e+00;2.000000e+00;1.234567e+01;4.416006e+00;1.234567e+01
4.200535e+01;6.623814e+01;6.002070e+02;7.222360e+02;2.596728e+03;6.483788e+02;5.691640e+02;9.953740e+02;6.010387e+02;2.596728e+03;2.571952e+03;2.496335e+03;2.367741e+03;2.181959e+03;1.940640e+03;1.653035e+03;9.953740e+02;9.791924e+02;9.638845e+02;7.740549e-01;2.000000e+00;7.000000e+00;2.000000e+00;1.234567e+01;4.414681e+00;1.234567e+01
4.250972e+01;6.624931e+01;6.002124e+02;7.213655e+02;2.597130e+03;6.472249e+02;5.691459e+02;9.954822e+02;6.010234e+02;2.597130e+03;2.572343e+03;2.496693e+03;2.368041e+03;2.182187e+03;1.940782e+03;1.653089e+03;9.954822e+02;9.792974e+02;9.639863e+02;7.740616e-01;2.000000e+00;7.000000e+00;2.000000e+00;1.234567e+01;4.413426e+00;1.234567e+01
4.300656e+01;6.625950e+01;6.002173e+02;7.205317e+02;2.597500e+03;6.461161e+02;5.691285e+02;9.955815e+02;6.010084e+02;2.597500e+03;2.572702e+03;2.497022e+03;2.368317e+03;2.182397e+03;1.940912e+03;1.653139e+03;9.955815e+02;9.793939e+02;9.640798e+02;7.740678e-01;2.000000e+00;7.000000e+00;2.000000e+00;1.234567e+01;4.412273e+00;1.234567e+01
4.351093e+01;6.626907e+01;6.002219e+02;7.197084e+02;2.597850e+03;6.450181e+02;5.691114e+02;9.956757e+02;6.009933e+02;2.597850e+03;2.573043e+03;2.497334e+03;2.368579e+03;2.182596e+03;1.941036e+03;1.653187e+03;9.956757e+02;9.794852e+02;9.641685e+02;7.740736e-01;2.000000e+00;7.000000e+00;2.000000e+00;1.234567e+01;4.411180e+00;1.234567e+01
4.400777e+01;6.627779e+01;6.002261e+02;7.189197e+02;2.598172e+03;6.439631e+02;5.690950e+02;9.957623e+02;6.009786e+02;2.598172e+03;2.573356e+03;2.497621e+03;2.368820e+03;2.182779e+03;1.941149e+03;1.653230e+03;9.957623e+02;9.795693e+02;9.642500e+02;7.740790e-01;2.000000e+00;7.000000e+00;2.000000e+00;1.234567e+01;4.410175e+00;1.234567e+01
4.451215e+01;6.628596e+01;6.002300e+02;7.181409e+02;2.598478e+03;6.429182e+02;5.690789e+02;9.958444e+02;6.009639e+02;2.598478e+03;2.573653e+03;2.497893e+03;2.369048e+03;2.182952e+03;1.941257e+03;1.653271e+03;9.958444e+02;9.796489e+02;9.643272e+02;7.740840e-01;2.000000e+00;7.000000e+00;2.000000e+00;1.234567e+01;4.409223e+00;1.234567e+01
4.500899e+01;6.629341e+01;6.002336e+02;7.173947e+02;2.598759e+03;6.419141e+02;5.690634e+02;9.959198e+02;6.009496e+02;2.598759e+03;2.573926e+03;2.498143e+03;2.369258e+03;2.183112e+03;1.941356e+03;1.653309e+03;9.959198e+02;9.797221e+02;9.643982e+02;7.740886e-01;2.000000e+00;7.000000e+00;2.000000e+00;1.234567e+01;4.408347e+00;1.234567e+01
4.550583e+01;6.630030e+01;6.002369e+02;7.166688e+02;2.599021e+03;6.409342e+02;5.690483e+02;9.959902e+02;6.009355e+02;2.599021e+03;2.574181e+03;2.498377e+03;2.369455e+03;2.183261e+03;1.941448e+03;1.653345e+03;9.959902e+02;9.797905e+02;9.644645e+02;7.740928e-01;2.000000e+00;7.000000e+00;2.000000e+00;1.234567e+01;4.407529e+00;1.234567e+01
4.601020e+01;6.630675e+01;6.002401e+02;7.159519e+02;2.599270e+03;6.399637e+02;5.690334e+02;9.960569e+02;6.009214e+02;2.599270e+03;2.574423e+03;2.498598e+03;2.369641e+03;2.183403e+03;1.941536e+03;1.653378e+03;9.960569e+02;9.798552e+02;9.645272e+02;7.740968e-01;2.000000e+00;7.000000e+00;2.000000e+00;1.234567e+01;4.406754e+00;1.234567e+01
4.650705e+01;6.631261e+01;6.002429e+02;7.152651e+02;2.599499e+03;6.390309e+02;5.690192e+02;9.961182e+02;6.009077e+02;2.599499e+03;2.574646e+03;2.498802e+03;2.369812e+03;2.183532e+03;1.941617e+03;1.653409e+03;9.961182e+02;9.799147e+02;9.645849e+02;7.741005e-01;2.000000e+00;7.000000e+00;2.000000e+00;1.234567e+01;4.406042e+00;1.234567e+01
4.701142e+01;6.631808e+01;6.002455e+02;7.145872e+02;2.599716e+03;6.381071e+02;5.690051e+02;9.961763e+02;6.008940e+02;2.599716e+03;2.574856e+03;2.498996e+03;2.369974e+03;2.183656e+03;1.941693e+03;1.653438e+03;9.961763e+02;9.799711e+02;9.646396e+02;7.741039e-01;2.000000e+00;7.000000e+00;2.000000e+00;1.234567e+01;4.405366e+00;1.234567e+01
4.750826e+01;6.632306e+01;6.002479e+02;7.139377e+02;2.599916e+03;6.372191e+02;5.689916e+02;9.962297e+02;6.008807e+02;2.599916e+03;2.575051e+03;2.499174e+03;2.370124e+03;2.183769e+03;1.941763e+03;1.653465e+03;9.962297e+02;9.800228e+02;9.646898e+02;7.741070e-01;2.000000e+00;7.000000e+00;2.000000e+00;1.234567e+01;4.404746e+00;1.234567e+01
4.800511e+01;6.632764e+01;6.002502e+02;7.133058e+02;2.600102e+03;6.363524e+02;5.689785e+02;9.962795e+02;6.008677e+02;2.600102e+03;2.575232e+03;2.499340e+03;2.370263e+03;2.183875e+03;1.941829e+03;1.653490e+03;9.962795e+02;9.800712e+02;9.647366e+02;7.741100e-01;2.000000e+00;7.000000e+00;2.000000e+00;1.234567e+01;4.404166e+00;1.234567e+01
4.850948e+01;6.633192e+01;6.002523e+02;7.126819e+02;2.600279e+03;6.354938e+02;5.689656e+02;9.963267e+02;6.008546e+02;2.600279e+03;2.575404e+03;2.499497e+03;2.370395e+03;2.183976e+03;1.941891e+03;1.653514e+03;9.963267e+02;9.801169e+02;9.647811e+02;7.741126e-01;2.000000e+00;7.000000e+00;2.000000e+00;1.234567e+01;4.403616e+00;1.234567e+01
4.900632e+01;6.633579e+01;6.002541e+02;7.120841e+02;2.600442e+03;6.346686e+02;5.689532e+02;9.963701e+02;6.008420e+02;2.600442e+03;2.575562e+03;2.499642e+03;2.370517e+03;2.184068e+03;1.941948e+03;1.653535e+03;9.963701e+02;9.801591e+02;9.648218e+02;7.741151e-01;2.000000e+00;7.000000e+00;2.000000e+00;1.234567e+01;4.403111e+00;1.234567e+01
4.951070e+01;6.633940e+01;6.002559e+02;7.114938e+02;2.600596e+03;6.338511e+02;5.689409e+02;9.964111e+02;6.008293e+02;2.600596e+03;2.575712e+03;2.499780e+03;2.370632e+03;2.184156e+03;1.942003e+03;1.653556e+03;9.964111e+02;9.801989e+02;9.648604e+02;7.741175e-01;2.000000e+00;7.000000e+00;2.000000e+00;1.234567e+01;4.402633e+00;1.234567e+01
5.000754e+01;6.634266e+01;6.002574e+02;7.109280e+02;2.600738e+03;6.330651e+02;5.689292e+02;9.964489e+02;6.008171e+02;2.600738e+03;2.575850e+03;2.499906e+03;2.370738e+03;2.184236e+03;1.942052e+03;1.653575e+03;9.964489e+02;9.802355e+02;9.648959e+02;7.741196e-01;2.000000e+00;7.000000e+00;2.000000e+00;1.234567e+01;4.402193e+00;1.234567e+01
5.051192e+01;6.634570e+01;6.002589e+02;7.103694e+02;2.600872e+03;6.322865e+02;5.689177e+02;9.964846e+02;6.008049e+02;2.600872e+03;2.575980e+03;2.500026e+03;2.370839e+03;2.184312e+03;1.942100e+03;1.653593e+03;9.964846e+02;9.802701e+02;9.649295e+02;7.741216e-01;2.000000e+00;7.000000e+00;2.000000e+00;1.234567e+01;4.401776e+00;1.234567e+01
5.100876e+01;6.634843e+01;6.002603e+02;7.098341e+02;2.600996e+03;6.315380e+02;5.689066e+02;9.965174e+02;6.007932e+02;2.600996e+03;2.576101e+03;2.500136e+03;2.370931e+03;2.184382e+03;1.942143e+03;1.653609e+03;9.965174e+02;9.803020e+02;9.649604e+02;7.741234e-01;2.000000e+00;7.000000e+00;2.000000e+00;1.234567e+01;4.401393e+00;1.234567e+01
5.150561e+01;6.635092e+01;6.002615e+02;7.093135e+02;2.601112e+03;6.308073e+02;5.688958e+02;9.965480e+02;6.007816e+02;2.601112e+03;2.576213e+03;2.500239e+03;2.371018e+03;2.184448e+03;1.942183e+03;1.653624e+03;9.965480e+02;9.803317e+02;9.649892e+02;7.741251e-01;2.000000e+00;7.000000e+00;2.000000e+00;1.234567e+01;4.401035e+00;1.234567e+01
5.200998e+01;6.635323e+01;6.002626e+02;7.087997e+02;2.601221e+03;6.300833e+02;5.688851e+02;9.965770e+02;6.007701e+02;2.601221e+03;2.576320e+03;2.500337e+03;2.371099e+03;2.184510e+03;1.942222e+03;1.653639e+03;9.965770e+02;9.803599e+02;9.650164e+02;7.741266e-01;2.000000e+00;7.000000e+00;2.000000e+00;1.234567e+01;4.400696e+00;1.234567e+01
5.250682e+01;6.635531e+01;6.002636e+02;7.083074e+02;2.601322e+03;6.293873e+02;5.688749e+02;9.966037e+02;6.007590e+02;2.601322e+03;2.576418e+03;2.500427e+03;2.371175e+03;2.184567e+03;1.942257e+03;1.653652e+03;9.966037e+02;9.803857e+02;9.650415e+02;7.741281e-01;2.000000e+00;7.000000e+00;2.000000e+00;1.234567e+01;4.400385e+00;1.234567e+01
5.301120e+01;6.635722e+01;6.002645e+02;7.078214e+02;2.601418e+03;6.286976e+02;5.688649e+02;9.966289e+02;6.007479e+02;2.601418e+03;2.576511e+03;2.500512e+03;2.371246e+03;2.184621e+03;1.942291e+03;1.653665e+03;9.966289e+02;9.804102e+02;9.650652e+02;7.741294e-01;2.000000e+00;7.000000e+00;2.000000e+00;1.234567e+01;4.400090e+00;1.234567e+01
5.350805e+01;6.635893e+01;6.002654e+02;7.073556e+02;2.601506e+03;6.280345e+02;5.688552e+02;9.966520e+02;6.007372e+02;2.601506e+03;2.576596e+03;2.500590e+03;2.371312e+03;2.184671e+03;1.942321e+03;1.653676e+03;9.966520e+02;9.804326e+02;9.650869e+02;7.741306e-01;2.000000e+00;7.000000e+00;2.000000e+00;1.234567e+01;4.399818e+00;1.234567e+01
5.401242e+01;6.636051e+01;6.002661e+02;7.068956e+02;2.601589e+03;6.273775e+02;5.688457e+02;9.966740e+02;6.007266e+02;2.601589e+03;2.576677e+03;2.500664e+03;2.371374e+03;2.184718e+03;1.942350e+03;1.653687e+03;9.966740e+02;9.804539e+02;9.651075e+02;7.741317e-01;2.000000e+00;7.000000e+00;2.000000e+00;1.234567e+01;4.399561e+00;1.234567e+01
5.450926e+01;6.636191e+01;6.002668e+02;7.064547e+02;2.601666e+03;6.267457e+02;5.688366e+02;9.966942e+02;6.007163e+02;2.601666e+03;2.576752e+03;2.500732e+03;2.371431e+03;2.184762e+03;1.942377e+03;1.653697e+03;9.966942e+02;9.804734e+02;9.651265e+02;7.741327e-01;2.000000e+00;7.000000e+00;2.000000e+00;1.234567e+01;4.399325e+00;1.234567e+01
5.500611e+01;6.636317e+01;6.002675e+02;7.060256e+02;2.601737e+03;6.261290e+02;5.688277e+02;9.967129e+02;6.007062e+02;2.601737e+03;2.576821e+03;2.500796e+03;2.371485e+03;2.184802e+03;1.942402e+03;1.653706e+03;9.967129e+02;9.804916e+02;9.651441e+02;7.741336e-01;2.000000e+00;7.000000e+00;2.000000e+00;1.234567e+01;4.399105e+00;1.234567e+01
5.551048e+01;6.636432e+01;6.002680e+02;7.056021e+02;2.601805e+03;6.255178e+02;5.688190e+02;9.967307e+02;6.006962e+02;2.601805e+03;2.576887e+03;2.500857e+03;2.371535e+03;2.184841e+03;1.942426e+03;1.653715e+03;9.967307e+02;9.805089e+02;9.651608e+02;7.741345e-01;2.000000e+00;7.000000e+00;2.000000e+00;1.234567e+01;4.398895e+00;1.234567e+01
5.600733e+01;6.636533e+01;6.002685e+02;7.051964e+02;2.601868e+03;6.249301e+02;5.688106e+02;9.967470e+02;6.006865e+02;2.601868e+03;2.576948e+03;2.500912e+03;2.371582e+03;2.184876e+03;1.942448e+03;1.653723e+03;9.967470e+02;9.805247e+02;9.651761e+02;7.741353e-01;2.000000e+00;7.000000e+00;2.000000e+00;1.234567e+01;4.398704e+00;1.234567e+01
5.651170e+01;6.636625e+01;6.002690e+02;7.047958e+02;2.601927e+03;6.243477e+02;5.688023e+02;9.967625e+02;6.006769e+02;2.601927e+03;2.577006e+03;2.500965e+03;2.371626e+03;2.184909e+03;1.942468e+03;1.653731e+03;9.967625e+02;9.805396e+02;9.651906e+02;7.741360e-01;2.000000e+00;7.000000e+00;2.000000e+00;1.234567e+01;4.398521e+00;1.234567e+01
5.700855e+01;6.636705e+01;6.002693e+02;7.044121e+02;2.601981e+03;6.237876e+02;5.687944e+02;9.967766e+02;6.006677e+02;2.601981e+03;2.577059e+03;2.501013e+03;2.371667e+03;2.184940e+03;1.942487e+03;1.653738e+03;9.967766e+02;9.805533e+02;9.652039e+02;7.741367e-01;2.000000e+00;7.000000e+00;2.000000e+00;1.234567e+01;4.398355e+00;1.234567e+01
5.750540e+01;6.636776e+01;6.002697e+02;7.040388e+02;2.602032e+03;6.232408e+02;5.687866e+02;9.967899e+02;6.006586e+02;2.602032e+03;2.577108e+03;2.501059e+03;2.371705e+03;2.184969e+03;1.942505e+03;1.653745e+03;9.967899e+02;9.805662e+02;9.652163e+02;7.741372e-01;2.000000e+00;7.000000e+00;2.000000e+00;1.234567e+01;4.398199e+00;1.234567e+01
5.800977e+01;6.636839e+01;6.002700e+02;7.036700e+02;2.602080e+03;6.226989e+02;5.687790e+02;9.968023e+02;6.006495e+02;2.602080e+03;2.577155e+03;2.501102e+03;2.371741e+03;2.184996e+03;1.942521e+03;1.653751e+03;9.968023e+02;9.805783e+02;9.652280e+02;7.741377e-01;2.000000e+00;7.000000e+00;2.000000e+00;1.234567e+01;4.398051e+00;1.234567e+01
5.850662e+01;6.636893e+01;6.002703e+02;7.033165e+02;2.602125e+03;6.221777e+02;5.687717e+02;9.968138e+02;6.006408e+02;2.602125e+03;2.577198e+03;2.501141e+03;2.371774e+03;2.185021e+03;1.942537e+03;1.653757e+03;9.968138e+02;9.805894e+02;9.652388e+02;7.741383e-01;2.000000e+00;7.000000e+00;2.000000e+00;1.234567e+01;4.397915e+00;1.234567e+01
5.901099e+01;6.636941e+01;6.002706e+02;7.029673e+02;2.602167e+03;6.216612e+02;5.687645e+02;9.968246e+02;6.006322e+02;2.602167e+03;2.577239e+03;2.501178e+03;2.371805e+03;2.185045e+03;1.942552e+03;1.653762e+03;9.968246e+02;9.805999e+02;9.652490e+02;7.741387e-01;2.000000e+00;7.000000e+00;2.000000e+00;1.234567e+01;4.397786e+00;1.234567e+01
5.950784e+01;6.636980e+01;6.002708e+02;7.026328e+02;2.602205e+03;6.211644e+02;5.687576e+02;9.968346e+02;6.006238e+02;2.602205e+03;2.577276e+03;2.501213e+03;2.371834e+03;2.185066e+03;1.942565e+03;1.653767e+03;9.968346e+02;9.806096e+02;9.652583e+02;7.741391e-01;2.000000e+00;7.000000e+00;2.000000e+00;1.234567e+01;4.397668e+00;1.234567e+01
6.001221e+01;6.637015e+01;6.002709e+02;7.023027e+02;2.602242e+03;6.206721e+02;5.687507e+02;9.968440e+02;6.006155e+02;2.602242e+03;2.577312e+03;2.501245e+03;2.371861e+03;2.185087e+03;1.942578e+03;1.653772e+03;9.968440e+02;9.806187e+02;9.652672e+02;7.741395e-01;2.000000e+00;7.000000e+00;2.000000e+00;1.234567e+01;4.397556e+00;1.234567e+01
6.050906e+01;6.637042e+01;6.002711e+02;7.019863e+02;2.602276e+03;6.201987e+02;5.687442e+02;9.968527e+02;6.006076e+02;2.602276e+03;2.577344e+03;2.501275e+03;2.371886e+03;2.185106e+03;1.942589e+03;1.653776e+03;9.968527e+02;9.806270e+02;9.652752e+02;7.741398e-01;2.000000e+00;7.000000e+00;2.000000e+00;1.234567e+01;4.397454e+00;1.234567e+01
6.100591e+01;6.637065e+01;6.002712e+02;7.016785e+02;2.602307e+03;6.197363e+02;5.687379e+02;9.968607e+02;6.005998e+02;2.602307e+03;2.577375e+03;2.501303e+03;2.371910e+03;2.185124e+03;1.942600e+03;1.653780e+03;9.968607e+02;9.806348e+02;9.652828e+02;7.741401e-01;2.000000e+00;7.000000e+00;2.000000e+00;1.234567e+01;4.397358e+00;1.234567e+01
6.151028e+01;6.637083e+01;6.002713e+02;7.013744e+02;2.602337e+03;6.192781e+02;5.687316e+02;9.968683e+02;6.005920e+02;2.602337e+03;2.577404e+03;2.501330e+03;2.371932e+03;2.185141e+03;1.942610e+03;1.653784e+03;9.968683e+02;9.806422e+02;9.652899e+02;7.741403e-01;2.000000e+00;7.000000e+00;2.000000e+00;1.234567e+01;4.397267e+00;1.234567e+01
6.200713e+01;6.637096e+01;6.002714e+02;7.010829e+02;2.602364e+03;6.188373e+02;5.687255e+02;9.968752e+02;6.005845e+02;2.602364e+03;2.577431e+03;2.501354e+03;2.371952e+03;2.185156e+03;1.942620e+03;1.653787e+03;9.968752e+02;9.806489e+02;9.652964e+02;7.741405e-01;2.000000e+00;7.000000e+00;2.000000e+00;1.234567e+01;4.397183e+00;1.234567e+01
6.251151e+01;6.637105e+01;6.002714e+02;7.007950e+02;2.602390e+03;6.184005e+02;5.687195e+02;9.968818e+02;6.005771e+02;2.602390e+03;2.577456e+03;2.501377e+03;2.371971e+03;2.185171e+03;1.942629e+03;1.653790e+03;9.968818e+02;9.806553e+02;9.653026e+02;7.741407e-01;2.000000e+00;7.000000e+00;2.000000e+00;1.234567e+01;4.397105e+00;1.234567e+01
6.300835e+01;6.637110e+01;6.002715e+02;7.005193e+02;2.602414e+03;6.179803e+02;5.687139e+02;9.968879e+02;6.005700e+02;2.602414e+03;2.577479e+03;2.501398e+03;2.371989e+03;2.185184e+03;1.942637e+03;1.653793e+03;9.968879e+02;9.806611e+02;9.653082e+02;7.741409e-01;2.000000e+00;7.000000e+00;2.000000e+00;1.234567e+01;4.397032e+00;1.234567e+01
6.350520e+01;6.637112e+01;6.002715e+02;7.002510e+02;2.602436e+03;6.175700e+02;5.687083e+02;9.968935e+02;6.005630e+02;2.602436e+03;2.577501e+03;2.501418e+03;2.372006e+03;2.185197e+03;1.942645e+03;1.653796e+03;9.968935e+02;9.806666e+02;9.653135e+02;7.741410e-01;2.000000e+00;7.000000e+00;2.000000e+00;1.234567e+01;4.396965e+00;1.234567e+01
6.400957e+01;6.637111e+01;6.002715e+02;6.999859e+02;2.602458e+03;6.171632e+02;5.687028e+02;9.968988e+02;6.005561e+02;2.602458e+03;2.577521e+03;2.501437e+03;2.372021e+03;2.185208e+03;1.942652e+03;1.653799e+03;9.968988e+02;9.806717e+02;9.653184e+02;7.741412e-01;2.000000e+00;7.000000e+00;2.000000e+00;1.234567e+01;4.396901e+00;1.234567e+01
6.450642e+01;6.637106e+01;6.002715e+02;6.997319e+02;2.602477e+03;6.167718e+02;5.686976e+02;9.969037e+02;6.005494e+02;2.602477e+03;2.577540e+03;2.501454e+03;2.372036e+03;2.185219e+03;1.942658e+03;1.653801e+03;9.969037e+02;9.806764e+02;9.653230e+02;7.741413e-01;2.000000e+00;7.000000e+00;2.000000e+00;1.234567e+01;4.396842e+00;1.234567e+01
6.501080e+01;6.637099e+01;6.002715e+02;6.994810e+02;2.602495e+03;6.163835e+02;5.686924e+02;9.969083e+02;6.005428e+02;2.602495e+03;2.577558e+03;2.501470e+03;2.372050e+03;2.185230e+03;1.942665e+03;1.653803e+03;9.969083e+02;9.806808e+02;9.653273e+02;7.741414e-01;2.000000e+00;7.000000e+00;2.000000e+00;1.234567e+01;4.396786e+00;1.234567e+01
6.550764e+01;6.637091e+01;6.002714e+02;6.992404e+02;2.602512e+03;6.160096e+02;5.686874e+02;9.969125e+02;6.005364e+02;2.602512e+03;2.577574e+03;2.501486e+03;2.372062e+03;2.185239e+03;1.942671e+03;1.653805e+03;9.969125e+02;9.806849e+02;9.653312e+02;7.741414e-01;2.000000e+00;7.000000e+00;2.000000e+00;1.234567e+01;4.396735e+00;1.234567e+01
6.601202e+01;6.637080e+01;6.002714e+02;6.990027e+02;2.602528e+03;6.156389e+02;5.686826e+02;9.969164e+02;6.005301e+02;2.602528e+03;2.577590e+03;2.501500e+03;2.372074e+03;2.185248e+03;1.942676e+03;1.653807e+03;9.969164e+02;9.806888e+02;9.653349e+02;7.741415e-01;2.000000e+00;7.000000e+00;2.000000e+00;1.234567e+01;4.396687e+00;1.234567e+01
6.650887e+01;6.637066e+01;6.002714e+02;6.987748e+02;2.602543e+03;6.152822e+02;5.686779e+02;9.969200e+02;6.005240e+02;2.602543e+03;2.577604e+03;2.501513e+03;2.372085e+03;2.185256e+03;1.942681e+03;1.653809e+03;9.969200e+02;9.806923e+02;9.653383e+02;7.741416e-01;2.000000e+00;7.000000e+00;2.000000e+00;1.234567e+01;4.396643e+00;1.234567e+01
6.700571e+01;6.637051e+01;6.002713e+02;6.985530e+02;2.602557e+03;6.149338e+02;5.686733e+02;9.969235e+02;6.005180e+02;2.602557e+03;2.577618e+03;2.501525e+03;2.372095e+03;2.185264e+03;1.942686e+03;1.653811e+03;9.969235e+02;9.806955e+02;9.653414e+02;7.741416e-01;2.000000e+00;7.000000e+00;2.000000e+00;1.234567e+01;4.396602e+00;1.234567e+01
6.751009e+01;6.637035e+01;6.002712e+02;6.983339e+02;2.602570e+03;6.145886e+02;5.686688e+02;9.969266e+02;6.005121e+02;2.602570e+03;2.577630e+03;2.501537e+03;2.372105e+03;2.185271e+03;1.942690e+03;1.653812e+03;9.969266e+02;9.806986e+02;9.653444e+02;7.741416e-01;2.000000e+00;7.000000e+00;2.000000e+00;1.234567e+01;4.396563e+00;1.234567e+01
6.800694e+01;6.637016e+01;6.002711e+02;6.981238e+02;2.602582e+03;6.142565e+02;5.686644e+02;9.969295e+02;6.005064e+02;2.602582e+03;2.577642e+03;2.501547e+03;2.372114e+03;2.185278e+03;1.942694e+03;1.653814e+03;9.969295e+02;9.807014e+02;9.653471e+02;7.741416e-01;2.000000e+00;7.000000e+00;2.000000e+00;1.234567e+01;4.396527e+00;1.234567e+01
6.851131e+01;6.636996e+01;6.002711e+02;6.979161e+02;2.602593e+03;6.139272e+02;5.686602e+02;9.969323e+02;6.005008e+02;2.602593e+03;2.577653e+03;2.501557e+03;2.372122e+03;2.185284e+03;1.942698e+03;1.653815e+03;9.969323e+02;9.807040e+02;9.653497e+02;7.741416e-01;2.000000e+00;7.000000e+00;2.000000e+00;1.234567e+01;4.396493e+00;1.234567e+01
6.900816e+01;6.636977e+01;6.002710e+02;6.977171e+02;2.602603e+03;6.136106e+02;5.686560e+02;9.969348e+02;6.004953e+02;2.602603e+03;2.577663e+03;2.501567e+03;2.372130e+03;2.185290e+03;1.942702e+03;1.653816e+03;9.969348e+02;9.807065e+02;9.653520e+02;7.741416e-01;2.000000e+00;7.000000e+00;2.000000e+00;1.234567e+01;4.396462e+00;1.234567e+01
6.951254e+01;6.636954e+01;6.002709e+02;6.975204e+02;2.602613e+03;6.132968e+02;5.686520e+02;9.969371e+02;6.004899e+02;2.602613e+03;2.577673e+03;2.501575e+03;2.372137e+03;2.185296e+03;1.942705e+03;1.653818e+03;9.969371e+02;9.807087e+02;9.653542e+02;7.741416e-01;2.000000e+00;7.000000e+00;2.000000e+00;1.234567e+01;4.396432e+00;1.234567e+01
7.000939e+01;6.636932e+01;6.002708e+02;6.973319e+02;2.602622e+03;6.129948e+02;5.686481e+02;9.969393e+02;6.004847e+02;2.602622e+03;2.577681e+03;2.501583e+03;2.372144e+03;2.185301e+03;1.942708e+03;1.653819e+03;9.969393e+02;9.807108e+02;9.653562e+02;7.741416e-01;2.000000e+00;7.000000e+00;2.000000e+00;1.234567e+01;4.396406e+00;1.234567e+01
7.050624e+01;6.636909e+01;6.002707e+02;6.971483e+02;2.602631e+03;6.127000e+02;5.686443e+02;9.969413e+02;6.004796e+02;2.602631e+03;2.577689e+03;2.501591e+03;2.372150e+03;2.185305e+03;1.942711e+03;1.653820e+03;9.969413e+02;9.807128e+02;9.653581e+02;7.741415e-01;2.000000e+00;7.000000e+00;2.000000e+00;1.234567e+01;4.396380e+00;1.234567e+01
7.101061e+01;6.636886e+01;6.002706e+02;6.969670e+02;2.602639e+03;6.124077e+02;5.686406e+02;9.969432e+02;6.004746e+02;2.602639e+03;2.577697e+03;2.501598e+03;2.372156e+03;2.185310e+03;1.942714e+03;1.653821e+03;9.969432e+02;9.807146e+02;9.653598e+02;7.741415e-01;2.000000e+00;7.000000e+00;2.000000e+00;1.234567e+01;4.396357e+00;1.234567e+01
7.150746e+01;6.636861e+01;6.002704e+02;6.967930e+02;2.602646e+03;6.121265e+02;5.686370e+02;9.969449e+02;6.004697e+02;2.602646e+03;2.577704e+03;2.501604e+03;2.372162e+03;2.185314e+03;1.942716e+03;1.653821e+03;9.969449e+02;9.807162e+02;9.653615e+02;7.741414e-01;2.000000e+00;7.000000e+00;2.000000e+00;1.234567e+01;4.396335e+00;1.234567e+01
7.201184e+01;6.636836e+01;6.002704e+02;6.966212e+02;2.602653e+03;6.118478e+02;5.686335e+02;9.969465e+02;6.004649e+02;2.602653e+03;2.577711e+03;2.501611e+03;2.372167e+03;2.185318e+03;1.942718e+03;1.653822e+03;9.969465e+02;9.807178e+02;9.653629e+02;7.741414e-01;2.000000e+00;7.000000e+00;2.000000e+00;1.234567e+01;4.396315e+00;1.234567e+01
7.250868e+01;6.636811e+01;6.002703e+02;6.964565e+02;2.602659e+03;6.115797e+02;5.686301e+02;9.969480e+02;6.004603e+02;2.602659e+03;2.577717e+03;2.501616e+03;2.372171e+03;2.185321e+03;1.942720e+03;1.653823e+03;9.969480e+02;9.807192e+02;9.653643e+02;7.741413e-01;2.000000e+00;7.000000e+00;2.000000e+00;1.234567e+01;4.396296e+00;1.234567e+01
7.300553e+01;6.636786e+01;6.002701e+02;6.962961e+02;2.602665e+03;6.113178e+02;5.686268e+02;9.969493e+02;6.004557e+02;2.602665e+03;2.577723e+03;2.501622e+03;2.372176e+03;2.185324e+03;1.942722e+03;1.653824e+03;9.969493e+02;9.807205e+02;9.653655e+02;7.741413e-01;2.000000e+00;7.000000e+00;2.000000e+00;1.234567e+01;4.396278e+00;1.234567e+01
7.350991e+01;6.636760e+01;6.002700e+02;6.961376e+02;2.602671e+03;6.110582e+02;5.686235e+02;9.969506e+02;6.004512e+02;2.602671e+03;2.577729e+03;2.501626e+03;2.372180e+03;2.185328e+03;1.942724e+03;1.653824e+03;9.969506e+02;9.807217e+02;9.653667e+02;7.741412e-01;2.000000e+00;7.000000e+00;2.000000e+00;1.234567e+01;4.396262e+00;1.234567e+01
7.400676e+01;6.636734e+01;6.002699e+02;6.959856e+02;2.602676e+03;6.108085e+02;5.686204e+02;9.969518e+02;6.004470e+02;2.602676e+03;2.577734e+03;2.501631e+03;2.372184e+03;2.185331e+03;1.942726e+03;1.653825e+03;9.969518e+02;9.807228e+02;9.653678e+02;7.741411e-01;2.000000e+00;7.000000e+00;2.000000e+00;1.234567e+01;4.396247e+00;1.234567e+01
7.451114e+01;6.636707e+01;6.002698e+02;6.958354e+02;2.602681e+03;6.105610e+02;5.686173e+02;9.969529e+02;6.004426e+02;2.602681e+03;2.577739e+03;2.501635e+03;2.372188e+03;2.185333e+03;1.942728e+03;1.653825e+03;9.969529e+02;9.807239e+02;9.653688e+02;7.741411e-01;2.000000e+00;7.000000e+00;2.000000e+00;1.234567e+01;4.396233e+00;1.234567e+01
7.500798e+01;6.636681e+01;6.002697e+02;6.956915e+02;2.602686e+03;6.103229e+02;5.686144e+02;9.969539e+02;6.004385e+02;2.602686e+03;2.577743e+03;2.501639e+03;2.372191e+03;2.185336e+03;1.942729e+03;1.653826e+03;9.969539e+02;9.807249e+02;9.653698e+02;7.741410e-01;2.000000e+00;7.000000e+00;2.000000e+00;1.234567e+01;4.396219e+00;1.234567e+01
7.551236e+01;6.636655e+01;6.002695e+02;6.955492e+02;2.602690e+03;6.100868e+02;5.686115e+02;9.969548e+02;6.004344e+02;2.602690e+03;2.577747e+03;2.501643e+03;2.372194e+03;2.185338e+03;1.942730e+03;1.653826e+03;9.969548e+02;9.807258e+02;9.653706e+02;7.741410e-01;2.000000e+00;7.000000e+00;2.000000e+00;1.234567e+01;4.396207e+00;1.234567e+01
7.600921e+01;6.636629e+01;6.002694e+02;6.954128e+02;2.602694e+03;6.098597e+02;5.686086e+02;9.969556e+02;6.004305e+02;2.602694e+03;2.577751e+03;2.501647e+03;2.372197e+03;2.185340e+03;1.942732e+03;1.653827e+03;9.969556e+02;9.807266e+02;9.653713e+02;7.741408e-01;2.000000e+00;7.000000e+00;2.000000e+00;1.234567e+01;4.396196e+00;1.234567e+01
7.650606e+01;6.636602e+01;6.002693e+02;6.952800e+02;2.602697e+03;6.096379e+02;5.686059e+02;9.969564e+02;6.004266e+02;2.602697e+03;2.577754e+03;2.501650e+03;2.372199e+03;2.185342e+03;1.942733e+03;1.653827e+03;9.969564e+02;9.807273e+02;9.653721e+02;7.741408e-01;2.000000e+00;7.000000e+00;2.000000e+00;1.234567e+01;4.396185e+00;1.234567e+01
7.701044e+01;6.636576e+01;6.002692e+02;6.951487e+02;2.602701e+03;6.094180e+02;5.686032e+02;9.969572e+02;6.004228e+02;2.602701e+03;2.577758e+03;2.501653e+03;2.372202e+03;2.185344e+03;1.942734e+03;1.653827e+03;9.969572e+02;9.807280e+02;9.653727e+02;7.741407e-01;2.000000e+00;7.000000e+00;2.000000e+00;1.234567e+01;4.396175e+00;1.234567e+01
7.750729e+01;6.636550e+01;6.002691e+02;6.950229e+02;2.602704e+03;6.092065e+02;5.686006e+02;9.969578e+02;6.004191e+02;2.602704e+03;2.577761e+03;2.501656e+03;2.372204e+03;2.185346e+03;1.942735e+03;1.653828e+03;9.969578e+02;9.807286e+02;9.653734e+02;7.741407e-01;2.000000e+00;7.000000e+00;2.000000e+00;1.234567e+01;4.396167e+00;1.234567e+01
7.801166e+01;6.636524e+01;6.002690e+02;6.948985e+02;2.602707e+03;6.089968e+02;5.685981e+02;9.969584e+02;6.004155e+02;2.602707e+03;2.577764e+03;2.501658e+03;2.372207e+03;2.185347e+03;1.942736e+03;1.653828e+03;9.969584e+02;9.807292e+02;9.653739e+02;7.741405e-01;2.000000e+00;7.000000e+00;2.000000e+00;1.234567e+01;4.396158e+00;1.234567e+01
7.850851e+01;6.636498e+01;6.002689e+02;6.947793e+02;2.602710e+03;6.087950e+02;5.685956e+02;9.969589e+02;6.004119e+02;2.602710e+03;2.577766e+03;2.501661e+03;2.372208e+03;2.185349e+03;1.942737e+03;1.653828e+03;9.969589e+02;9.807297e+02;9.653744e+02;7.741405e-01;2.000000e+00;7.000000e+00;2.000000e+00;1.234567e+01;4.396151e+00;1.234567e+01
7.900536e+01;6.636473e+01;6.002687e+02;6.946632e+02;2.602712e+03;6.085979e+02;5.685933e+02;9.969595e+02;6.004085e+02;2.602712e+03;2.577769e+03;2.501663e+03;2.372210e+03;2.185350e+03;1.942738e+03;1.653828e+03;9.969595e+02;9.807302e+02;9.653749e+02;7.741404e-01;2.000000e+00;7.000000e+00;2.000000e+00;1.234567e+01;4.396143e+00;1.234567e+01
7.950974e+01;6.636447e+01;6.002686e+02;6.945485e+02;2.602715e+03;6.084025e+02;5.685909e+02;9.969599e+02;6.004051e+02;2.602715e+03;2.577771e+03;2.501665e+03;2.372212e+03;2.185352e+03;1.942739e+03;1.653829e+03;9.969599e+02;9.807307e+02;9.653753e+02;7.741403e-01;2.000000e+00;7.000000e+00;2.000000e+00;1.234567e+01;4.396136e+00;1.234567e+01
8.000658e+01;6.636423e+01;6.002685e+02;6.944385e+02;2.602717e+03;6.082146e+02;5.685886e+02;9.969603e+02;6.004018e+02;2.602717e+03;2.577773e+03;2.501667e+03;2.372214e+03;2.185353e+03;1.942739e+03;1.653829e+03;9.969603e+02;9.807311e+02;9.653757e+02;7.741402e-01;2.000000e+00;7.000000e+00;2.000000e+00;1.234567e+01;4.396131e+00;1.234567e+01
8.051096e+01;6.636398e+01;6.002684e+02;6.943297e+02;2.602719e+03;6.080283e+02;5.685864e+02;9.969608e+02;6.003986e+02;2.602719e+03;2.577775e+03;2.501669e+03;2.372215e+03;2.185354e+03;1.942740e+03;1.653829e+03;9.969608e+02;9.807314e+02;9.653760e+02;7.741402e-01;2.000000e+00;7.000000e+00;2.000000e+00;1.234567e+01;4.396124e+00;1.234567e+01
8.100780e+01;6.636373e+01;6.002682e+02;6.942255e+02;2.602721e+03;6.078489e+02;5.685843e+02;9.969611e+02;6.003954e+02;2.602721e+03;2.577777e+03;2.501671e+03;2.372217e+03;2.185355e+03;1.942740e+03;1.653829e+03;9.969611e+02;9.807318e+02;9.653763e+02;7.741401e-01;2.000000e+00;7.000000e+00;2.000000e+00;1.234567e+01;4.396119e+00;1.234567e+01
8.151218e+01;6.636349e+01;6.002682e+02;6.941225e+02;2.602723e+03;6.076712e+02;5.685822e+02;9.969614e+02;6.003923e+02;2.602723e+03;2.577779e+03;2.501672e+03;2.372218e+03;2.185356e+03;1.942741e+03;1.653829e+03;9.969614e+02;9.807321e+02;9.653766e+02;7.741400e-01;2.000000e+00;7.000000e+00;2.000000e+00;1.234567e+01;4.396114e+00;1.234567e+01
8.200903e+01;6.636325e+01;6.002681e+02;6.940237e+02;2.602724e+03;6.075002e+02;5.685801e+02;9.969617e+02;6.003893e+02;2.602724e+03;2.577781e+03;2.501674e+03;2.372219e+03;2.185357e+03;1.942742e+03;1.653830e+03;9.969617e+02;9.807324e+02;9.653769e+02;7.741399e-01;2.000000e+00;7.000000e+00;2.000000e+00;1.234567e+01;4.396110e+00;1.234567e+01
8.250588e+01;6.636301e+01;6.002679e+02;6.939276e+02;2.602726e+03;6.073332e+02;5.685782e+02;9.969620e+02;6.003865e+02;2.602726e+03;2.577782e+03;2.501675e+03;2.372220e+03;2.185358e+03;1.942742e+03;1.653830e+03;9.969620e+02;9.807327e+02;9.653771e+02;7.741398e-01;2.000000e+00;7.000000e+00;2.000000e+00;1.234567e+01;4.396106e+00;1.234567e+01
8.301026e+01;6.636278e+01;6.002678e+02;6.938325e+02;2.602727e+03;6.071676e+02;5.685762e+02;9.969622e+02;6.003835e+02;2.602727e+03;2.577783e+03;2.501677e+03;2.372221e+03;2.185358e+03;1.942742e+03;1.653830e+03;9.969622e+02;9.807328e+02;9.653774e+02;7.741398e-01;2.000000e+00;7.000000e+00;2.000000e+00;1.234567e+01;4.396102e+00;1.234567e+01
8.350711e+01;6.636255e+01;6.002678e+02;6.937414e+02;2.602729e+03;6.070083e+02;5.685743e+02;9.969625e+02;6.003808e+02;2.602729e+03;2.577785e+03;2.501677e+03;2.372222e+03;2.185359e+03;1.942743e+03;1.653830e+03;9.969625e+02;9.807331e+02;9.653776e+02;7.741397e-01;2.000000e+00;7.000000e+00;2.000000e+00;1.234567e+01;4.396098e+00;1.234567e+01
8.401148e+01;6.636232e+01;6.002676e+02;6.936513e+02;2.602730e+03;6.068503e+02;5.685725e+02;9.969626e+02;6.003780e+02;2.602730e+03;2.577786e+03;2.501679e+03;2.372223e+03;2.185360e+03;1.942743e+03;1.653830e+03;9.969626e+02;9.807333e+02;9.653777e+02;7.741396e-01;2.000000e+00;7.000000e+00;2.000000e+00;1.234567e+01;4.396095e+00;1.234567e+01
8.450833e+01;6.636210e+01;6.002675e+02;6.935649e+02;2.602731e+03;6.066984e+02;5.685707e+02;9.969628e+02;6.003754e+02;2.602731e+03;2.577787e+03;2.501680e+03;2.372224e+03;2.185361e+03;1.942744e+03;1.653830e+03;9.969628e+02;9.807334e+02;9.653779e+02;7.741395e-01;2.000000e+00;7.000000e+00;2.000000e+00;1.234567e+01;4.396092e+00;1.234567e+01
8.500518e+01;6.636188e+01;6.002675e+02;6.934808e+02;2.602732e+03;6.065499e+02;5.685690e+02;9.969630e+02;6.003727e+02;2.602732e+03;2.577788e+03;2.501681e+03;2.372225e+03;2.185361e+03;1.942744e+03;1.653830e+03;9.969630e+02;9.807336e+02;9.653780e+02;7.741395e-01;2.000000e+00;7.000000e+00;2.000000e+00;1.234567e+01;4.396089e+00;1.234567e+01
8.550956e+01;6.636166e+01;6.002673e+02;6.933978e+02;2.602733e+03;6.064028e+02;5.685673e+02;9.969631e+02;6.003702e+02;2.602733e+03;2.577789e+03;2.501682e+03;2.372226e+03;2.185362e+03;1.942744e+03;1.653830e+03;9.969631e+02;9.807337e+02;9.653781e+02;7.741394e-01;2.000000e+00;7.000000e+00;2.000000e+00;1.234567e+01;4.396087e+00;1.234567e+01
8.600641e+01;6.636145e+01;6.002672e+02;6.933181e+02;2.602734e+03;6.062612e+02;5.685657e+02;9.969633e+02;6.003677e+02;2.602734e+03;2.577790e+03;2.501682e+03;2.372226e+03;2.185362e+03;1.942745e+03;1.653830e+03;9.969633e+02;9.807338e+02;9.653782e+02;7.741393e-01;2.000000e+00;7.000000e+00;2.000000e+00;1.234567e+01;4.396084e+00;1.234567e+01
8.651079e+01;6.636124e+01;6.002672e+02;6.932393e+02;2.602735e+03;6.061207e+02;5.685641e+02;9.969633e+02;6.003652e+02;2.602735e+03;2.577791e+03;2.501683e+03;2.372227e+03;2.185363e+03;1.942745e+03;1.653830e+03;9.969633e+02;9.807339e+02;9.653784e+02;7.741392e-01;2.000000e+00;7.000000e+00;2.000000e+00;1.234567e+01;4.396082e+00;1.234567e+01
8.700764e+01;6.636104e+01;6.002670e+02;6.931638e+02;2.602736e+03;6.059857e+02;5.685626e+02;9.969634e+02;6.003629e+02;2.602736e+03;2.577792e+03;2.501684e+03;2.372228e+03;2.185363e+03;1.942745e+03;1.653830e+03;9.969634e+02;9.807340e+02;9.653784e+02;7.741392e-01;2.000000e+00;7.000000e+00;2.000000e+00;1.234567e+01;4.396080e+00;1.234567e+01
8.751201e+01;6.636083e+01;6.002670e+02;6.930892e+02;2.602736e+03;6.058517e+02;5.685610e+02;9.969635e+02;6.003605e+02;2.602736e+03;2.577792e+03;2.501685e+03;2.372228e+03;2.185363e+03;1.942745e+03;1.653830e+03;9.969635e+02;9.807341e+02;9.653785e+02;7.741391e-01;2.000000e+00;7.000000e+00;2.000000e+00;1.234567e+01;4.396078e+00;1.234567e+01
8.800886e+01;6.636063e+01;6.002668e+02;6.930176e+02;2.602737e+03;6.057229e+02;5.685596e+02;9.969636e+02;6.003583e+02;2.602737e+03;2.577793e+03;2.501685e+03;2.372229e+03;2.185364e+03;1.942745e+03;1.653830e+03;9.969636e+02;9.807341e+02;9.653785e+02;7.741390e-01;2.000000e+00;7.000000e+00;2.000000e+00;1.234567e+01;4.396077e+00;1.234567e+01
8.850571e+01;6.636044e+01;6.002668e+02;6.929479e+02;2.602738e+03;6.055970e+02;5.685581e+02;9.969636e+02;6.003561e+02;2.602738e+03;2.577793e+03;2.501686e+03;2.372229e+03;2.185364e+03;1.942745e+03;1.653830e+03;9.969636e+02;9.807342e+02;9.653786e+02;7.741389e-01;2.000000e+00;7.000000e+00;2.000000e+00;1.234567e+01;4.396075e+00;1.234567e+01
8.901009e+01;6.636024e+01;6.002667e+02;6.928791e+02;2.602738e+03;6.054722e+02;5.685567e+02;9.969637e+02;6.003539e+02;2.602738e+03;2.577794e+03;2.501686e+03;2.372229e+03;2.185364e+03;1.942746e+03;1.653831e+03;9.969637e+02;9.807343e+02;9.653786e+02;7.741389e-01;2.000000e+00;7.000000e+00;2.000000e+00;1.234567e+01;4.396074e+00;1.234567e+01
8.950694e+01;6.636006e+01;6.002666e+02;6.928130e+02;2.602739e+03;6.053522e+02;5.685554e+02;9.969637e+02;6.003518e+02;2.602739e+03;2.577795e+03;2.501687e+03;2.372230e+03;2.185365e+03;1.942746e+03;1.653831e+03;9.969637e+02;9.807343e+02;9.653787e+02;7.741388e-01;2.000000e+00;7.000000e+00;2.000000e+00;1.234567e+01;4.396072e+00;1.234567e+01
9.001131e+01;6.635988e+01;6.002665e+02;6.927478e+02;2.602740e+03;6.052331e+02;5.685540e+02;9.969637e+02;6.003497e+02;2.602740e+03;2.577795e+03;2.501687e+03;2.372230e+03;2.185365e+03;1.942746e+03;1.653831e+03;9.969637e+02;9.807343e+02;9.653787e+02;7.741387e-01;2.000000e+00;7.000000e+00;2.000000e+00;1.234567e+01;4.396071e+00;1.234567e+01
9.050816e+01;6.635970e+01;6.002664e+02;6.926852e+02;2.602740e+03;6.051185e+02;5.685527e+02;9.969638e+02;6.003477e+02;2.602740e+03;2.577796e+03;2.501688e+03;2.372230e+03;2.185365e+03;1.942746e+03;1.653831e+03;9.969638e+02;9.807343e+02;9.653787e+02;7.741387e-01;2.000000e+00;7.000000e+00;2.000000e+00;1.234567e+01;4.396070e+00;1.234567e+01
9.101254e+01;6.635952e+01;6.002664e+02;6.926234e+02;2.602740e+03;6.050050e+02;5.685515e+02;9.969638e+02;6.003458e+02;2.602740e+03;2.577796e+03;2.501688e+03;2.372231e+03;2.185365e+03;1.942746e+03;1.653831e+03;9.969638e+02;9.807343e+02;9.653787e+02;7.741386e-01;2.000000e+00;7.000000e+00;2.000000e+00;1.234567e+01;4.396070e+00;1.234567e+01
9.150939e+01;6.635934e+01;6.002663e+02;6.925641e+02;2.602741e+03;6.048957e+02;5.685503e+02;9.969638e+02;6.003438e+02;2.602741e+03;2.577796e+03;2.501688e+03;2.372231e+03;2.185365e+03;1.942746e+03;1.653831e+03;9.969638e+02;9.807344e+02;9.653787e+02;7.741386e-01;2.000000e+00;7.000000e+00;2.000000e+00;1.234567e+01;4.396069e+00;1.234567e+01
9.200624e+01;6.635918e+01;6.002662e+02;6.925063e+02;2.602741e+03;6.047889e+02;5.685491e+02;9.969638e+02;6.003420e+02;2.602741e+03;2.577797e+03;2.501688e+03;2.372231e+03;2.185366e+03;1.942746e+03;1.653831e+03;9.969638e+02;9.807344e+02;9.653787e+02;7.741385e-01;2.000000e+00;7.000000e+00;2.000000e+00;1.234567e+01;4.396068e+00;1.234567e+01
9.251061e+01;6.635901e+01;6.002661e+02;6.924492e+02;2.602741e+03;6.046831e+02;5.685479e+02;9.969639e+02;6.003401e+02;2.602741e+03;2.577797e+03;2.501689e+03;2.372231e+03;2.185366e+03;1.942746e+03;1.653831e+03;9.969639e+02;9.807344e+02;9.653787e+02;7.741385e-01;2.000000e+00;7.000000e+00;2.000000e+00;1.234567e+01;4.396067e+00;1.234567e+01
9.300746e+01;6.635885e+01;6.002661e+02;6.923945e+02;2.602742e+03;6.045813e+02;5.685468e+02;9.969638e+02;6.003383e+02;2.602742e+03;2.577797e+03;2.501689e+03;2.372232e+03;2.185366e+03;1.942746e+03;1.653831e+03;9.969638e+02;9.807343e+02;9.653787e+02;7.741384e-01;2.000000e+00;7.000000e+00;2.000000e+00;1.234567e+01;4.396067e+00;1.234567e+01
9.351184e+01;6.635869e+01;6.002660e+02;6.923405e+02;2.602742e+03;6.044803e+02;5.685457e+02;9.969638e+02;6.003365e+02;2.602742e+03;2.577798e+03;2.501689e+03;2.372232e+03;2.185366e+03;1.942747e+03;1.653831e+03;9.969638e+02;9.807343e+02;9.653787e+02;7.741383e-01;2.000000e+00;7.000000e+00;2.000000e+00;1.234567e+01;4.396066e+00;1.234567e+01
9.400869e+01;6.635853e+01;6.002659e+02;6.922886e+02;2.602742e+03;6.043832e+02;5.685446e+02;9.969638e+02;6.003348e+02;2.602742e+03;2.577798e+03;2.501690e+03;2.372232e+03;2.185366e+03;1.942747e+03;1.653831e+03;9.969638e+02;9.807343e+02;9.653787e+02;7.741383e-01;2.000000e+00;7.000000e+00;2.000000e+00;1.234567e+01;4.396066e+00;1.234567e+01
9.450554e+01;6.635838e+01;6.002658e+02;6.922380e+02;2.602742e+03;6.042883e+02;5.685436e+02;9.969638e+02;6.003332e+02;2.602742e+03;2.577798e+03;2.501690e+03;2.372232e+03;2.185366e+03;1.942747e+03;1.653831e+03;9.969638e+02;9.807343e+02;9.653786e+02;7.741382e-01;2.000000e+00;7.000000e+00;2.000000e+00;1.234567e+01;4.396065e+00;1.234567e+01
9.500992e+01;6.635822e+01;6.002657e+02;6.921882e+02;2.602743e+03;6.041942e+02;5.685426e+02;9.969638e+02;6.003315e+02;2.602743e+03;2.577798e+03;2.501690e+03;2.372232e+03;2.185366e+03;1.942747e+03;1.653831e+03;9.969638e+02;9.807343e+02;9.653786e+02;7.741382e-01;2.000000e+00;7.000000e+00;2.000000e+00;1.234567e+01;4.396065e+00;1.234567e+01
9.550677e+01;6.635808e+01;6.002657e+02;6.921403e+02;2.602743e+03;6.041036e+02;5.685416e+02;9.969637e+02;6.003300e+02;2.602743e+03;2.577799e+03;2.501690e+03;2.372233e+03;2.185366e+03;1.942747e+03;1.653830e+03;9.969637e+02;9.807343e+02;9.653786e+02;7.741381e-01;2.000000e+00;7.000000e+00;2.000000e+00;1.234567e+01;4.396064e+00;1.234567e+01
9.601115e+01;6.635793e+01;6.002656e+02;6.920930e+02;2.602743e+03;6.040139e+02;5.685406e+02;9.969637e+02;6.003284e+02;2.602743e+03;2.577799e+03;2.501690e+03;2.372233e+03;2.185367e+03;1.942747e+03;1.653830e+03;9.969637e+02;9.807343e+02;9.653785e+02;7.741380e-01;2.000000e+00;7.000000e+00;2.000000e+00;1.234567e+01;4.396064e+00;1.234567e+01
9.650800e+01;6.635780e+01;6.002656e+02;6.920476e+02;2.602743e+03;6.039275e+02;5.685397e+02;9.969637e+02;6.003269e+02;2.602743e+03;2.577799e+03;2.501690e+03;2.372233e+03;2.185367e+03;1.942747e+03;1.653830e+03;9.969637e+02;9.807342e+02;9.653785e+02;7.741380e-01;2.000000e+00;7.000000e+00;2.000000e+00;1.234567e+01;4.396064e+00;1.234567e+01
9.701237e+01;6.635766e+01;6.002655e+02;6.920028e+02;2.602743e+03;6.038418e+02;5.685388e+02;9.969637e+02;6.003254e+02;2.602743e+03;2.577799e+03;2.501691e+03;2.372233e+03;2.185367e+03;1.942747e+03;1.653830e+03;9.969637e+02;9.807342e+02;9.653785e+02;7.741380e-01;2.000000e+00;7.000000e+00;2.000000e+00;1.234567e+01;4.396064e+00;1.234567e+01
9.750922e+01;6.635752e+01;6.002654e+02;6.919598e+02;2.602744e+03;6.037594e+02;5.685379e+02;9.969636e+02;6.003240e+02;2.602744e+03;2.577799e+03;2.501691e+03;2.372233e+03;2.185367e+03;1.942747e+03;1.653830e+03;9.969636e+02;9.807341e+02;9.653785e+02;7.741379e-01;2.000000e+00;7.000000e+00;2.000000e+00;1.234567e+01;4.396063e+00;1.234567e+01
9.800607e+01;6.635739e+01;6.002654e+02;6.919179e+02;2.602744e+03;6.036789e+02;5.685370e+02;9.969636e+02;6.003225e+02;2.602744e+03;2.577799e+03;2.501691e+03;2.372233e+03;2.185367e+03;1.942747e+03;1.653830e+03;9.969636e+02;9.807341e+02;9.653784e+02;7.741379e-01;2.000000e+00;7.000000e+00;2.000000e+00;1.234567e+01;4.396063e+00;1.234567e+01
9.851044e+01;6.635726e+01;6.002653e+02;6.918765e+02;2.602744e+03;6.035991e+02;5.685362e+02;9.969636e+02;6.003212e+02;2.602744e+03;2.577799e+03;2.501691e+03;2.372233e+03;2.185367e+03;1.942747e+03;1.653830e+03;9.969636e+02;9.807341e+02;9.653784e+02;7.741378e-01;2.000000e+00;7.000000e+00;2.000000e+00;1.234567e+01;4.396063e+00;1.234567e+01
9.900729e+01;6.635713e+01;6.002653e+02;6.918369e+02;2.602744e+03;6.035223e+02;5.685354e+02;9.969636e+02;6.003198e+02;2.602744e+03;2.577800e+03;2.501691e+03;2.372233e+03;2.185367e+03;1.942747e+03;1.653830e+03;9.969636e+02;9.807340e+02;9.653784e+02;7.741377e-01;2.000000e+00;7.000000e+00;2.000000e+00;1.234567e+01;4.396063e+00;1.234567e+01
9.951167e+01;6.635701e+01;6.002652e+02;6.917977e+02;2.602744e+03;6.034461e+02;5.685346e+02;9.969635e+02;6.003185e+02;2.602744e+03;2.577800e+03;2.501691e+03;2.372233e+03;2.185367e+03;1.942747e+03;1.653830e+03;9.969635e+02;9.807340e+02;9.653783e+02;7.741377e-01;2.000000e+00;7.000000e+00;2.000000e+00;1.234567e+01;4.396063e+00;1.234567e+01
1.000010e+02;6.635690e+01;6.002651e+02;6.917606e+02;2.602744e+03;6.033739e+02;5.685339e+02;9.969635e+02;6.003172e+02;2.602744e+03;2.577800e+03;2.501691e+03;2.372233e+03;2.185367e+03;1.942747e+03;1.653830e+03;9.969635e+02;9.807339e+02;9.653782e+02;7.741377e-01;2.000000e+00;7.000000e+00;2.000000e+00;1.234567e+01;4.396063e+00;1.234567e+01
